file,line,type,commit,author,date,time,timezone,datetime,depth,length
style.css,1,css,ecd1dbf7,LiAndrw,2025-01-10,21:24:10,-08:00,2025-01-10T21:24:10-08:00,0,5
style.css,2,css,ecd1dbf7,LiAndrw,2025-01-10,21:24:10,-08:00,2025-01-10T21:24:10-08:00,0,44
style.css,3,css,ecd1dbf7,LiAndrw,2025-01-10,21:24:10,-08:00,2025-01-10T21:24:10-08:00,0,43
style.css,4,css,ecd1dbf7,LiAndrw,2025-01-10,21:24:10,-08:00,2025-01-10T21:24:10-08:00,0,1
style.css,5,css,ecd1dbf7,LiAndrw,2025-01-10,21:24:10,-08:00,2025-01-10T21:24:10-08:00,0,24
style.css,6,css,bd2371ef,LiAndrw,2025-01-24,22:06:35,-08:00,2025-01-24T22:06:35-08:00,0,18
style.css,7,css,ad9e1915,LiAndrw,2025-01-10,21:40:19,-08:00,2025-01-10T21:40:19-08:00,0,0
style.css,8,css,c027d269,LiAndrw,2025-01-16,23:58:20,-08:00,2025-01-16T23:58:20-08:00,0,0
style.css,9,css,c027d269,LiAndrw,2025-01-16,23:58:20,-08:00,2025-01-16T23:58:20-08:00,0,5
style.css,10,css,c027d269,LiAndrw,2025-01-16,23:58:20,-08:00,2025-01-16T23:58:20-08:00,0,16
style.css,11,css,c027d269,LiAndrw,2025-01-16,23:58:20,-08:00,2025-01-16T23:58:20-08:00,0,43
style.css,12,css,c027d269,LiAndrw,2025-01-16,23:58:20,-08:00,2025-01-16T23:58:20-08:00,0,12
style.css,13,css,c027d269,LiAndrw,2025-01-16,23:58:20,-08:00,2025-01-16T23:58:20-08:00,0,0
style.css,14,css,c027d269,LiAndrw,2025-01-16,23:58:20,-08:00,2025-01-16T23:58:20-08:00,0,0
style.css,15,css,c027d269,LiAndrw,2025-01-16,23:58:20,-08:00,2025-01-16T23:58:20-08:00,0,15
style.css,16,css,c027d269,LiAndrw,2025-01-16,23:58:20,-08:00,2025-01-16T23:58:20-08:00,0,17
style.css,17,css,c027d269,LiAndrw,2025-01-16,23:58:20,-08:00,2025-01-16T23:58:20-08:00,0,0
style.css,18,css,c027d269,LiAndrw,2025-01-16,23:58:20,-08:00,2025-01-16T23:58:20-08:00,0,0
style.css,19,css,c027d269,LiAndrw,2025-01-16,23:58:20,-08:00,2025-01-16T23:58:20-08:00,0,4
style.css,20,css,c027d269,LiAndrw,2025-01-16,23:58:20,-08:00,2025-01-16T23:58:20-08:00,0,13
style.css,21,css,c027d269,LiAndrw,2025-01-16,23:58:20,-08:00,2025-01-16T23:58:20-08:00,0,30
style.css,22,css,c027d269,LiAndrw,2025-01-16,23:58:20,-08:00,2025-01-16T23:58:20-08:00,0,19
style.css,23,css,c027d269,LiAndrw,2025-01-16,23:58:20,-08:00,2025-01-16T23:58:20-08:00,0,18
style.css,24,css,c027d269,LiAndrw,2025-01-16,23:58:20,-08:00,2025-01-16T23:58:20-08:00,0,0
style.css,25,css,c027d269,LiAndrw,2025-01-16,23:58:20,-08:00,2025-01-16T23:58:20-08:00,0,0
style.css,26,css,c027d269,LiAndrw,2025-01-16,23:58:20,-08:00,2025-01-16T23:58:20-08:00,0,6
style.css,27,css,c027d269,LiAndrw,2025-01-16,23:58:20,-08:00,2025-01-16T23:58:20-08:00,0,7
style.css,28,css,c027d269,LiAndrw,2025-01-16,23:58:20,-08:00,2025-01-16T23:58:20-08:00,0,21
style.css,29,css,c027d269,LiAndrw,2025-01-16,23:58:20,-08:00,2025-01-16T23:58:20-08:00,0,14
style.css,30,css,c027d269,LiAndrw,2025-01-16,23:58:20,-08:00,2025-01-16T23:58:20-08:00,0,18
style.css,31,css,c027d269,LiAndrw,2025-01-16,23:58:20,-08:00,2025-01-16T23:58:20-08:00,0,14
style.css,32,css,c027d269,LiAndrw,2025-01-16,23:58:20,-08:00,2025-01-16T23:58:20-08:00,0,0
style.css,33,css,c027d269,LiAndrw,2025-01-16,23:58:20,-08:00,2025-01-16T23:58:20-08:00,0,0
style.css,34,css,c027d269,LiAndrw,2025-01-16,23:58:20,-08:00,2025-01-16T23:58:20-08:00,0,14
style.css,35,css,c027d269,LiAndrw,2025-01-16,23:58:20,-08:00,2025-01-16T23:58:20-08:00,0,44
style.css,36,css,c027d269,LiAndrw,2025-01-16,23:58:20,-08:00,2025-01-16T23:58:20-08:00,0,21
style.css,37,css,c027d269,LiAndrw,2025-01-16,23:58:20,-08:00,2025-01-16T23:58:20-08:00,0,17
style.css,38,css,c027d269,LiAndrw,2025-01-16,23:58:20,-08:00,2025-01-16T23:58:20-08:00,0,0
style.css,39,css,c027d269,LiAndrw,2025-01-16,23:58:20,-08:00,2025-01-16T23:58:20-08:00,0,0
style.css,40,css,c027d269,LiAndrw,2025-01-16,23:58:20,-08:00,2025-01-16T23:58:20-08:00,0,12
style.css,41,css,c027d269,LiAndrw,2025-01-16,23:58:20,-08:00,2025-01-16T23:58:20-08:00,0,46
style.css,42,css,c027d269,LiAndrw,2025-01-16,23:58:20,-08:00,2025-01-16T23:58:20-08:00,0,58
style.css,43,css,c027d269,LiAndrw,2025-01-16,23:58:20,-08:00,2025-01-16T23:58:20-08:00,0,21
style.css,44,css,bd2371ef,LiAndrw,2025-01-24,22:06:35,-08:00,2025-01-24T22:06:35-08:00,0,70
style.css,45,css,c027d269,LiAndrw,2025-01-16,23:58:20,-08:00,2025-01-16T23:58:20-08:00,0,0
style.css,46,css,c027d269,LiAndrw,2025-01-16,23:58:20,-08:00,2025-01-16T23:58:20-08:00,0,0
style.css,47,css,c027d269,LiAndrw,2025-01-16,23:58:20,-08:00,2025-01-16T23:58:20-08:00,0,6
style.css,48,css,c027d269,LiAndrw,2025-01-16,23:58:20,-08:00,2025-01-16T23:58:20-08:00,0,32
style.css,49,css,c027d269,LiAndrw,2025-01-16,23:58:20,-08:00,2025-01-16T23:58:20-08:00,0,0
style.css,50,css,c027d269,LiAndrw,2025-01-16,23:58:20,-08:00,2025-01-16T23:58:20-08:00,0,0
style.css,51,css,c027d269,LiAndrw,2025-01-16,23:58:20,-08:00,2025-01-16T23:58:20-08:00,0,5
style.css,52,css,c027d269,LiAndrw,2025-01-16,23:58:20,-08:00,2025-01-16T23:58:20-08:00,0,33
style.css,53,css,c027d269,LiAndrw,2025-01-16,23:58:20,-08:00,2025-01-16T23:58:20-08:00,0,0
style.css,54,css,c027d269,LiAndrw,2025-01-16,23:58:20,-08:00,2025-01-16T23:58:20-08:00,0,0
style.css,55,css,c027d269,LiAndrw,2025-01-16,23:58:20,-08:00,2025-01-16T23:58:20-08:00,0,7
style.css,56,css,c027d269,LiAndrw,2025-01-16,23:58:20,-08:00,2025-01-16T23:58:20-08:00,0,13
style.css,57,css,c027d269,LiAndrw,2025-01-16,23:58:20,-08:00,2025-01-16T23:58:20-08:00,0,0
style.css,58,css,c027d269,LiAndrw,2025-01-16,23:58:20,-08:00,2025-01-16T23:58:20-08:00,0,0
style.css,59,css,c027d269,LiAndrw,2025-01-16,23:58:20,-08:00,2025-01-16T23:58:20-08:00,0,5
style.css,60,css,c027d269,LiAndrw,2025-01-16,23:58:20,-08:00,2025-01-16T23:58:20-08:00,0,13
style.css,61,css,c027d269,LiAndrw,2025-01-16,23:58:20,-08:00,2025-01-16T23:58:20-08:00,0,31
style.css,62,css,c027d269,LiAndrw,2025-01-16,23:58:20,-08:00,2025-01-16T23:58:20-08:00,0,8
style.css,63,css,c027d269,LiAndrw,2025-01-16,23:58:20,-08:00,2025-01-16T23:58:20-08:00,0,0
style.css,64,css,c027d269,LiAndrw,2025-01-16,23:58:20,-08:00,2025-01-16T23:58:20-08:00,0,0
style.css,65,css,c027d269,LiAndrw,2025-01-16,23:58:20,-08:00,2025-01-16T23:58:20-08:00,0,6
style.css,66,css,c027d269,LiAndrw,2025-01-16,23:58:20,-08:00,2025-01-16T23:58:20-08:00,0,17
style.css,67,css,c027d269,LiAndrw,2025-01-16,23:58:20,-08:00,2025-01-16T23:58:20-08:00,0,30
style.css,68,css,c027d269,LiAndrw,2025-01-16,23:58:20,-08:00,2025-01-16T23:58:20-08:00,0,19
style.css,69,css,c027d269,LiAndrw,2025-01-16,23:58:20,-08:00,2025-01-16T23:58:20-08:00,0,0
style.css,70,css,c027d269,LiAndrw,2025-01-16,23:58:20,-08:00,2025-01-16T23:58:20-08:00,0,0
style.css,71,css,c027d269,LiAndrw,2025-01-16,23:58:20,-08:00,2025-01-16T23:58:20-08:00,0,7
style.css,72,css,bd2371ef,LiAndrw,2025-01-24,22:06:35,-08:00,2025-01-24T22:06:35-08:00,0,14
style.css,73,css,bd2371ef,LiAndrw,2025-01-24,22:06:35,-08:00,2025-01-24T22:06:35-08:00,0,20
style.css,74,css,c027d269,LiAndrw,2025-01-16,23:58:20,-08:00,2025-01-16T23:58:20-08:00,0,19
style.css,75,css,c027d269,LiAndrw,2025-01-16,23:58:20,-08:00,2025-01-16T23:58:20-08:00,0,0
style.css,76,css,c027d269,LiAndrw,2025-01-16,23:58:20,-08:00,2025-01-16T23:58:20-08:00,0,0
style.css,77,css,c027d269,LiAndrw,2025-01-16,23:58:20,-08:00,2025-01-16T23:58:20-08:00,0,10
style.css,78,css,c027d269,LiAndrw,2025-01-16,23:58:20,-08:00,2025-01-16T23:58:20-08:00,0,13
style.css,79,css,c027d269,LiAndrw,2025-01-16,23:58:20,-08:00,2025-01-16T23:58:20-08:00,0,59
style.css,80,css,60130161,LiAndrw,2025-01-17,00:33:55,-08:00,2025-01-17T00:33:55-08:00,0,8
style.css,81,css,c027d269,LiAndrw,2025-01-16,23:58:20,-08:00,2025-01-16T23:58:20-08:00,0,0
style.css,82,css,c027d269,LiAndrw,2025-01-16,23:58:20,-08:00,2025-01-16T23:58:20-08:00,0,0
style.css,83,css,c027d269,LiAndrw,2025-01-16,23:58:20,-08:00,2025-01-16T23:58:20-08:00,0,18
style.css,84,css,c027d269,LiAndrw,2025-01-16,23:58:20,-08:00,2025-01-16T23:58:20-08:00,0,13
style.css,85,css,c027d269,LiAndrw,2025-01-16,23:58:20,-08:00,2025-01-16T23:58:20-08:00,0,27
style.css,86,css,c027d269,LiAndrw,2025-01-16,23:58:20,-08:00,2025-01-16T23:58:20-08:00,0,16
style.css,87,css,c027d269,LiAndrw,2025-01-16,23:58:20,-08:00,2025-01-16T23:58:20-08:00,0,8
style.css,88,css,c027d269,LiAndrw,2025-01-16,23:58:20,-08:00,2025-01-16T23:58:20-08:00,0,0
style.css,89,css,c027d269,LiAndrw,2025-01-16,23:58:20,-08:00,2025-01-16T23:58:20-08:00,0,0
style.css,90,css,c027d269,LiAndrw,2025-01-16,23:58:20,-08:00,2025-01-16T23:58:20-08:00,0,21
style.css,91,css,c027d269,LiAndrw,2025-01-16,23:58:20,-08:00,2025-01-16T23:58:20-08:00,0,9
style.css,92,css,c027d269,LiAndrw,2025-01-16,23:58:20,-08:00,2025-01-16T23:58:20-08:00,0,0
style.css,93,css,c027d269,LiAndrw,2025-01-16,23:58:20,-08:00,2025-01-16T23:58:20-08:00,0,0
style.css,94,css,c027d269,LiAndrw,2025-01-16,23:58:20,-08:00,2025-01-16T23:58:20-08:00,0,23
style.css,95,css,c027d269,LiAndrw,2025-01-16,23:58:20,-08:00,2025-01-16T23:58:20-08:00,0,16
style.css,96,css,c027d269,LiAndrw,2025-01-16,23:58:20,-08:00,2025-01-16T23:58:20-08:00,0,18
style.css,97,css,c027d269,LiAndrw,2025-01-16,23:58:20,-08:00,2025-01-16T23:58:20-08:00,0,0
style.css,98,css,c027d269,LiAndrw,2025-01-16,23:58:20,-08:00,2025-01-16T23:58:20-08:00,0,0
style.css,99,css,c027d269,LiAndrw,2025-01-16,23:58:20,-08:00,2025-01-16T23:58:20-08:00,0,3
style.css,100,css,c027d269,LiAndrw,2025-01-16,23:58:20,-08:00,2025-01-16T23:58:20-08:00,0,15
style.css,101,css,c027d269,LiAndrw,2025-01-16,23:58:20,-08:00,2025-01-16T23:58:20-08:00,0,0
style.css,102,css,c027d269,LiAndrw,2025-01-16,23:58:20,-08:00,2025-01-16T23:58:20-08:00,0,0
style.css,103,css,bfaf2321,LiAndrw,2025-01-17,00:02:01,-08:00,2025-01-17T00:02:01-08:00,0,3
style.css,104,css,bfaf2321,LiAndrw,2025-01-17,00:02:01,-08:00,2025-01-17T00:02:01-08:00,0,15
style.css,105,css,bfaf2321,LiAndrw,2025-01-17,00:02:01,-08:00,2025-01-17T00:02:01-08:00,0,0
style.css,106,css,bfaf2321,LiAndrw,2025-01-17,00:02:01,-08:00,2025-01-17T00:02:01-08:00,0,0
style.css,107,css,c027d269,LiAndrw,2025-01-16,23:58:20,-08:00,2025-01-16T23:58:20-08:00,0,2
style.css,108,css,c027d269,LiAndrw,2025-01-16,23:58:20,-08:00,2025-01-16T23:58:20-08:00,0,16
style.css,109,css,c027d269,LiAndrw,2025-01-16,23:58:20,-08:00,2025-01-16T23:58:20-08:00,0,0
style.css,110,css,c027d269,LiAndrw,2025-01-16,23:58:20,-08:00,2025-01-16T23:58:20-08:00,0,0
style.css,111,css,c027d269,LiAndrw,2025-01-16,23:58:20,-08:00,2025-01-16T23:58:20-08:00,0,7
style.css,112,css,c027d269,LiAndrw,2025-01-16,23:58:20,-08:00,2025-01-16T23:58:20-08:00,0,14
style.css,113,css,c027d269,LiAndrw,2025-01-16,23:58:20,-08:00,2025-01-16T23:58:20-08:00,0,0
style.css,114,css,c027d269,LiAndrw,2025-01-16,23:58:20,-08:00,2025-01-16T23:58:20-08:00,0,0
style.css,115,css,c027d269,LiAndrw,2025-01-16,23:58:20,-08:00,2025-01-16T23:58:20-08:00,0,8
style.css,116,css,c027d269,LiAndrw,2025-01-16,23:58:20,-08:00,2025-01-16T23:58:20-08:00,0,19
style.css,117,css,c027d269,LiAndrw,2025-01-16,23:58:20,-08:00,2025-01-16T23:58:20-08:00,0,0
style.css,118,css,c027d269,LiAndrw,2025-01-16,23:58:20,-08:00,2025-01-16T23:58:20-08:00,0,0
style.css,119,css,c027d269,LiAndrw,2025-01-16,23:58:20,-08:00,2025-01-16T23:58:20-08:00,0,11
style.css,120,css,c027d269,LiAndrw,2025-01-16,23:58:20,-08:00,2025-01-16T23:58:20-08:00,0,17
style.css,121,css,c027d269,LiAndrw,2025-01-16,23:58:20,-08:00,2025-01-16T23:58:20-08:00,0,0
style.css,122,css,c027d269,LiAndrw,2025-01-16,23:58:20,-08:00,2025-01-16T23:58:20-08:00,0,0
style.css,123,css,c027d269,LiAndrw,2025-01-16,23:58:20,-08:00,2025-01-16T23:58:20-08:00,0,13
style.css,124,css,c027d269,LiAndrw,2025-01-16,23:58:20,-08:00,2025-01-16T23:58:20-08:00,0,18
style.css,125,css,c027d269,LiAndrw,2025-01-16,23:58:20,-08:00,2025-01-16T23:58:20-08:00,0,14
style.css,126,css,c027d269,LiAndrw,2025-01-16,23:58:20,-08:00,2025-01-16T23:58:20-08:00,0,21
style.css,127,css,c027d269,LiAndrw,2025-01-16,23:58:20,-08:00,2025-01-16T23:58:20-08:00,0,0
style.css,128,css,c027d269,LiAndrw,2025-01-16,23:58:20,-08:00,2025-01-16T23:58:20-08:00,0,0
style.css,129,css,c027d269,LiAndrw,2025-01-16,23:58:20,-08:00,2025-01-16T23:58:20-08:00,0,7
style.css,130,css,c027d269,LiAndrw,2025-01-16,23:58:20,-08:00,2025-01-16T23:58:20-08:00,0,18
style.css,131,css,c027d269,LiAndrw,2025-01-16,23:58:20,-08:00,2025-01-16T23:58:20-08:00,0,19
style.css,132,css,c027d269,LiAndrw,2025-01-16,23:58:20,-08:00,2025-01-16T23:58:20-08:00,0,17
style.css,133,css,c027d269,LiAndrw,2025-01-16,23:58:20,-08:00,2025-01-16T23:58:20-08:00,0,0
style.css,134,css,c027d269,LiAndrw,2025-01-16,23:58:20,-08:00,2025-01-16T23:58:20-08:00,0,0
style.css,135,css,c027d269,LiAndrw,2025-01-16,23:58:20,-08:00,2025-01-16T23:58:20-08:00,0,2
style.css,136,css,c027d269,LiAndrw,2025-01-16,23:58:20,-08:00,2025-01-16T23:58:20-08:00,0,21
style.css,137,css,c027d269,LiAndrw,2025-01-16,23:58:20,-08:00,2025-01-16T23:58:20-08:00,0,0
style.css,138,css,c027d269,LiAndrw,2025-01-16,23:58:20,-08:00,2025-01-16T23:58:20-08:00,0,0
style.css,139,css,c027d269,LiAndrw,2025-01-16,23:58:20,-08:00,2025-01-16T23:58:20-08:00,0,8
style.css,140,css,c027d269,LiAndrw,2025-01-16,23:58:20,-08:00,2025-01-16T23:58:20-08:00,0,26
style.css,141,css,c027d269,LiAndrw,2025-01-16,23:58:20,-08:00,2025-01-16T23:58:20-08:00,0,0
style.css,142,css,c027d269,LiAndrw,2025-01-16,23:58:20,-08:00,2025-01-16T23:58:20-08:00,0,0
style.css,143,css,c027d269,LiAndrw,2025-01-16,23:58:20,-08:00,2025-01-16T23:58:20-08:00,0,10
style.css,144,css,c027d269,LiAndrw,2025-01-16,23:58:20,-08:00,2025-01-16T23:58:20-08:00,0,19
style.css,145,css,c027d269,LiAndrw,2025-01-16,23:58:20,-08:00,2025-01-16T23:58:20-08:00,0,0
style.css,146,css,c027d269,LiAndrw,2025-01-16,23:58:20,-08:00,2025-01-16T23:58:20-08:00,0,0
style.css,147,css,c027d269,LiAndrw,2025-01-16,23:58:20,-08:00,2025-01-16T23:58:20-08:00,0,26
style.css,148,css,c027d269,LiAndrw,2025-01-16,23:58:20,-08:00,2025-01-16T23:58:20-08:00,0,7
style.css,149,css,c027d269,LiAndrw,2025-01-16,23:58:20,-08:00,2025-01-16T23:58:20-08:00,0,22
style.css,150,css,c027d269,LiAndrw,2025-01-16,23:58:20,-08:00,2025-01-16T23:58:20-08:00,0,0
style.css,151,css,c027d269,LiAndrw,2025-01-16,23:58:20,-08:00,2025-01-16T23:58:20-08:00,0,0
style.css,152,css,c027d269,LiAndrw,2025-01-16,23:58:20,-08:00,2025-01-16T23:58:20-08:00,0,7
style.css,153,css,c027d269,LiAndrw,2025-01-16,23:58:20,-08:00,2025-01-16T23:58:20-08:00,0,14
style.css,154,css,c027d269,LiAndrw,2025-01-16,23:58:20,-08:00,2025-01-16T23:58:20-08:00,0,0
style.css,155,css,c027d269,LiAndrw,2025-01-16,23:58:20,-08:00,2025-01-16T23:58:20-08:00,0,0
style.css,156,css,c027d269,LiAndrw,2025-01-16,23:58:20,-08:00,2025-01-16T23:58:20-08:00,0,3
style.css,157,css,c027d269,LiAndrw,2025-01-16,23:58:20,-08:00,2025-01-16T23:58:20-08:00,0,15
style.css,158,css,c027d269,LiAndrw,2025-01-16,23:58:20,-08:00,2025-01-16T23:58:20-08:00,0,0
style.css,159,css,c027d269,LiAndrw,2025-01-16,23:58:20,-08:00,2025-01-16T23:58:20-08:00,0,0
style.css,160,css,c027d269,LiAndrw,2025-01-16,23:58:20,-08:00,2025-01-16T23:58:20-08:00,0,8
style.css,161,css,c027d269,LiAndrw,2025-01-16,23:58:20,-08:00,2025-01-16T23:58:20-08:00,0,12
style.css,162,css,c027d269,LiAndrw,2025-01-16,23:58:20,-08:00,2025-01-16T23:58:20-08:00,0,13
style.css,163,css,c027d269,LiAndrw,2025-01-16,23:58:20,-08:00,2025-01-16T23:58:20-08:00,0,0
style.css,164,css,bd2371ef,LiAndrw,2025-01-24,22:06:35,-08:00,2025-01-24T22:06:35-08:00,0,0
style.css,165,css,bd2371ef,LiAndrw,2025-01-24,22:06:35,-08:00,2025-01-24T22:06:35-08:00,0,0
style.css,166,css,bd2371ef,LiAndrw,2025-01-24,22:06:35,-08:00,2025-01-24T22:06:35-08:00,0,6
style.css,167,css,bd2371ef,LiAndrw,2025-01-24,22:06:35,-08:00,2025-01-24T22:06:35-08:00,0,23
style.css,168,css,bd2371ef,LiAndrw,2025-01-24,22:06:35,-08:00,2025-01-24T22:06:35-08:00,0,40
style.css,169,css,bd2371ef,LiAndrw,2025-01-24,22:06:35,-08:00,2025-01-24T22:06:35-08:00,0,0
style.css,170,css,bd2371ef,LiAndrw,2025-01-24,22:06:35,-08:00,2025-01-24T22:06:35-08:00,0,0
style.css,171,css,bd2371ef,LiAndrw,2025-01-24,22:06:35,-08:00,2025-01-24T22:06:35-08:00,0,4
style.css,172,css,bd2371ef,LiAndrw,2025-01-24,22:06:35,-08:00,2025-01-24T22:06:35-08:00,0,40
style.css,173,css,bd2371ef,LiAndrw,2025-01-24,22:06:35,-08:00,2025-01-24T22:06:35-08:00,0,0
style.css,174,css,bd2371ef,LiAndrw,2025-01-24,22:06:35,-08:00,2025-01-24T22:06:35-08:00,0,0
style.css,175,css,bd2371ef,LiAndrw,2025-01-24,22:06:35,-08:00,2025-01-24T22:06:35-08:00,0,14
style.css,176,css,bd2371ef,LiAndrw,2025-01-24,22:06:35,-08:00,2025-01-24T22:06:35-08:00,0,11
style.css,177,css,bd2371ef,LiAndrw,2025-01-24,22:06:35,-08:00,2025-01-24T22:06:35-08:00,0,9
style.css,178,css,bd2371ef,LiAndrw,2025-01-24,22:06:35,-08:00,2025-01-24T22:06:35-08:00,0,14
style.css,179,css,bd2371ef,LiAndrw,2025-01-24,22:06:35,-08:00,2025-01-24T22:06:35-08:00,0,20
style.css,180,css,7054ea67,LiAndrw,2025-01-24,22:24:59,-08:00,2025-01-24T22:24:59-08:00,0,0
style.css,181,css,8a827dd1,LiAndrw,2025-01-31,16:29:56,-08:00,2025-01-31T16:29:56-08:00,0,0
style.css,182,css,8a827dd1,LiAndrw,2025-01-31,16:29:56,-08:00,2025-01-31T16:29:56-08:00,0,14
style.css,183,css,8a827dd1,LiAndrw,2025-01-31,16:29:56,-08:00,2025-01-31T16:29:56-08:00,0,13
style.css,184,css,8a827dd1,LiAndrw,2025-01-31,16:29:56,-08:00,2025-01-31T16:29:56-08:00,0,56
style.css,185,css,8a827dd1,LiAndrw,2025-01-31,16:29:56,-08:00,2025-01-31T16:29:56-08:00,0,9
style.css,186,css,8a827dd1,LiAndrw,2025-01-31,16:29:56,-08:00,2025-01-31T16:29:56-08:00,0,18
style.css,187,css,8a827dd1,LiAndrw,2025-01-31,16:29:56,-08:00,2025-01-31T16:29:56-08:00,0,0
style.css,188,css,8a827dd1,LiAndrw,2025-01-31,16:29:56,-08:00,2025-01-31T16:29:56-08:00,0,0
style.css,189,css,8a827dd1,LiAndrw,2025-01-31,16:29:56,-08:00,2025-01-31T16:29:56-08:00,0,16
style.css,190,css,8a827dd1,LiAndrw,2025-01-31,16:29:56,-08:00,2025-01-31T16:29:56-08:00,0,17
style.css,191,css,8a827dd1,LiAndrw,2025-01-31,16:29:56,-08:00,2025-01-31T16:29:56-08:00,0,59
style.css,192,css,8a827dd1,LiAndrw,2025-01-31,16:29:56,-08:00,2025-01-31T16:29:56-08:00,0,39
style.css,193,css,8a827dd1,LiAndrw,2025-01-31,16:29:56,-08:00,2025-01-31T16:29:56-08:00,0,17
style.css,194,css,f2793246,LiAndrw,2025-02-07,23:25:31,-08:00,2025-02-07T23:25:31-08:00,0,0
style.css,195,css,f2793246,LiAndrw,2025-02-07,23:25:31,-08:00,2025-02-07T23:25:31-08:00,0,0
style.css,196,css,f2793246,LiAndrw,2025-02-07,23:25:31,-08:00,2025-02-07T23:25:31-08:00,0,14
style.css,197,css,f2793246,LiAndrw,2025-02-07,23:25:31,-08:00,2025-02-07T23:25:31-08:00,0,31
style.css,198,css,f2793246,LiAndrw,2025-02-07,23:25:31,-08:00,2025-02-07T23:25:31-08:00,0,35
style.css,199,css,f2793246,LiAndrw,2025-02-07,23:25:31,-08:00,2025-02-07T23:25:31-08:00,0,25
style.css,200,css,f2793246,LiAndrw,2025-02-07,23:25:31,-08:00,2025-02-07T23:25:31-08:00,0,16
style.css,201,css,f2793246,LiAndrw,2025-02-07,23:25:31,-08:00,2025-02-07T23:25:31-08:00,0,0
style.css,202,css,f2793246,LiAndrw,2025-02-07,23:25:31,-08:00,2025-02-07T23:25:31-08:00,0,0
style.css,203,css,f2793246,LiAndrw,2025-02-07,23:25:31,-08:00,2025-02-07T23:25:31-08:00,0,19
style.css,204,css,f2793246,LiAndrw,2025-02-07,23:25:31,-08:00,2025-02-07T23:25:31-08:00,0,15
style.css,205,css,f2793246,LiAndrw,2025-02-07,23:25:31,-08:00,2025-02-07T23:25:31-08:00,0,17
style.css,206,css,f2793246,LiAndrw,2025-02-07,23:25:31,-08:00,2025-02-07T23:25:31-08:00,0,17
style.css,207,css,f2793246,LiAndrw,2025-02-07,23:25:31,-08:00,2025-02-07T23:25:31-08:00,0,0
style.css,208,css,f2793246,LiAndrw,2025-02-07,23:25:31,-08:00,2025-02-07T23:25:31-08:00,0,0
style.css,209,css,f2793246,LiAndrw,2025-02-07,23:25:31,-08:00,2025-02-07T23:25:31-08:00,0,10
style.css,210,css,f2793246,LiAndrw,2025-02-07,23:25:31,-08:00,2025-02-07T23:25:31-08:00,0,13
style.css,211,css,f2793246,LiAndrw,2025-02-07,23:25:31,-08:00,2025-02-07T23:25:31-08:00,0,58
style.css,212,css,f2793246,LiAndrw,2025-02-07,23:25:31,-08:00,2025-02-07T23:25:31-08:00,0,8
style.css,213,css,f2793246,LiAndrw,2025-02-07,23:25:31,-08:00,2025-02-07T23:25:31-08:00,0,12
style.css,214,css,f2793246,LiAndrw,2025-02-07,23:25:31,-08:00,2025-02-07T23:25:31-08:00,0,15
style.css,215,css,f2793246,LiAndrw,2025-02-07,23:25:31,-08:00,2025-02-07T23:25:31-08:00,0,18
style.css,216,css,f2793246,LiAndrw,2025-02-07,23:25:31,-08:00,2025-02-07T23:25:31-08:00,0,25
style.css,217,css,f2793246,LiAndrw,2025-02-07,23:25:31,-08:00,2025-02-07T23:25:31-08:00,0,7
style.css,218,css,f2793246,LiAndrw,2025-02-07,23:25:31,-08:00,2025-02-07T23:25:31-08:00,0,0
style.css,219,css,f2793246,LiAndrw,2025-02-07,23:25:31,-08:00,2025-02-07T23:25:31-08:00,0,0
style.css,220,css,f2793246,LiAndrw,2025-02-07,23:25:31,-08:00,2025-02-07T23:25:31-08:00,0,13
style.css,221,css,f2793246,LiAndrw,2025-02-07,23:25:31,-08:00,2025-02-07T23:25:31-08:00,0,13
style.css,222,css,f2793246,LiAndrw,2025-02-07,23:25:31,-08:00,2025-02-07T23:25:31-08:00,0,19
style.css,223,css,f2793246,LiAndrw,2025-02-07,23:25:31,-08:00,2025-02-07T23:25:31-08:00,0,10
style.css,224,css,f2793246,LiAndrw,2025-02-07,23:25:31,-08:00,2025-02-07T23:25:31-08:00,0,14
style.css,225,css,f2793246,LiAndrw,2025-02-07,23:25:31,-08:00,2025-02-07T23:25:31-08:00,0,0
style.css,226,css,f2793246,LiAndrw,2025-02-07,23:25:31,-08:00,2025-02-07T23:25:31-08:00,0,0
style.css,227,css,f2793246,LiAndrw,2025-02-07,23:25:31,-08:00,2025-02-07T23:25:31-08:00,0,21
style.css,228,css,f2793246,LiAndrw,2025-02-07,23:25:31,-08:00,2025-02-07T23:25:31-08:00,0,21
style.css,229,css,f2793246,LiAndrw,2025-02-07,23:25:31,-08:00,2025-02-07T23:25:31-08:00,0,12
style.css,230,css,f2793246,LiAndrw,2025-02-07,23:25:31,-08:00,2025-02-07T23:25:31-08:00,0,13
style.css,231,css,f2793246,LiAndrw,2025-02-07,23:25:31,-08:00,2025-02-07T23:25:31-08:00,0,30
style.css,232,css,f2793246,LiAndrw,2025-02-07,23:25:31,-08:00,2025-02-07T23:25:31-08:00,0,18
style.css,233,css,f2793246,LiAndrw,2025-02-07,23:25:31,-08:00,2025-02-07T23:25:31-08:00,0,17
style.css,234,css,f2793246,LiAndrw,2025-02-07,23:25:31,-08:00,2025-02-07T23:25:31-08:00,0,0
style.css,235,css,f2793246,LiAndrw,2025-02-07,23:25:31,-08:00,2025-02-07T23:25:31-08:00,0,0
style.css,236,css,f2793246,LiAndrw,2025-02-07,23:25:31,-08:00,2025-02-07T23:25:31-08:00,0,11
style.css,237,css,f2793246,LiAndrw,2025-02-07,23:25:31,-08:00,2025-02-07T23:25:31-08:00,0,13
style.css,238,css,f2793246,LiAndrw,2025-02-07,23:25:31,-08:00,2025-02-07T23:25:31-08:00,0,19
style.css,239,css,f2793246,LiAndrw,2025-02-07,23:25:31,-08:00,2025-02-07T23:25:31-08:00,0,8
style.css,240,css,f2793246,LiAndrw,2025-02-07,23:25:31,-08:00,2025-02-07T23:25:31-08:00,0,14
style.css,241,css,f2793246,LiAndrw,2025-02-07,23:25:31,-08:00,2025-02-07T23:25:31-08:00,0,0
style.css,242,css,f2793246,LiAndrw,2025-02-07,23:25:31,-08:00,2025-02-07T23:25:31-08:00,0,0
style.css,243,css,f2793246,LiAndrw,2025-02-07,23:25:31,-08:00,2025-02-07T23:25:31-08:00,0,5
style.css,244,css,f2793246,LiAndrw,2025-02-07,23:25:31,-08:00,2025-02-07T23:25:31-08:00,0,17
style.css,245,css,f2793246,LiAndrw,2025-02-07,23:25:31,-08:00,2025-02-07T23:25:31-08:00,0,0
style.css,246,css,f2793246,LiAndrw,2025-02-07,23:25:31,-08:00,2025-02-07T23:25:31-08:00,0,0
style.css,247,css,f2793246,LiAndrw,2025-02-07,23:25:31,-08:00,2025-02-07T23:25:31-08:00,0,18
style.css,248,css,f2793246,LiAndrw,2025-02-07,23:25:31,-08:00,2025-02-07T23:25:31-08:00,0,17
style.css,249,css,f2793246,LiAndrw,2025-02-07,23:25:31,-08:00,2025-02-07T23:25:31-08:00,0,12
style.css,250,css,f2793246,LiAndrw,2025-02-07,23:25:31,-08:00,2025-02-07T23:25:31-08:00,0,0
style.css,251,css,f2793246,LiAndrw,2025-02-07,23:25:31,-08:00,2025-02-07T23:25:31-08:00,0,0
style.css,252,css,f2793246,LiAndrw,2025-02-07,23:25:31,-08:00,2025-02-07T23:25:31-08:00,0,0
style.css,253,css,f2793246,LiAndrw,2025-02-07,23:25:31,-08:00,2025-02-07T23:25:31-08:00,0,10
style.css,254,css,f2793246,LiAndrw,2025-02-07,23:25:31,-08:00,2025-02-07T23:25:31-08:00,0,36
style.css,255,css,f2793246,LiAndrw,2025-02-07,23:25:31,-08:00,2025-02-07T23:25:31-08:00,0,0
style.css,256,css,f2793246,LiAndrw,2025-02-07,23:25:31,-08:00,2025-02-07T23:25:31-08:00,0,11
style.css,257,css,f2793246,LiAndrw,2025-02-07,23:25:31,-08:00,2025-02-07T23:25:31-08:00,0,18
style.css,258,css,f2793246,LiAndrw,2025-02-07,23:25:31,-08:00,2025-02-07T23:25:31-08:00,0,0
style.css,259,css,f2793246,LiAndrw,2025-02-07,23:25:31,-08:00,2025-02-07T23:25:31-08:00,0,0
style.css,260,css,f2793246,LiAndrw,2025-02-07,23:25:31,-08:00,2025-02-07T23:25:31-08:00,0,0
style.css,261,css,f2793246,LiAndrw,2025-02-07,23:25:31,-08:00,2025-02-07T23:25:31-08:00,0,0
style.css,262,css,f2793246,LiAndrw,2025-02-07,23:25:31,-08:00,2025-02-07T23:25:31-08:00,0,0
style.css,263,css,f2793246,LiAndrw,2025-02-07,23:25:31,-08:00,2025-02-07T23:25:31-08:00,0,0
style.css,264,css,f2793246,LiAndrw,2025-02-07,23:25:31,-08:00,2025-02-07T23:25:31-08:00,0,0
style.css,265,css,f2793246,LiAndrw,2025-02-07,23:25:31,-08:00,2025-02-07T23:25:31-08:00,0,5
style.css,266,css,f2793246,LiAndrw,2025-02-07,23:25:31,-08:00,2025-02-07T23:25:31-08:00,0,15
style.css,267,css,8a827dd1,LiAndrw,2025-01-31,16:29:56,-08:00,2025-01-31T16:29:56-08:00,0,0
index.js,1,js,8a827dd1,LiAndrw,2025-01-31,16:29:56,-08:00,2025-01-31T16:29:56-08:00,0,72
index.js,2,js,8a827dd1,LiAndrw,2025-01-31,16:29:56,-08:00,2025-01-31T16:29:56-08:00,0,0
index.js,3,js,8a827dd1,LiAndrw,2025-01-31,16:29:56,-08:00,2025-01-31T16:29:56-08:00,0,55
index.js,4,js,8a827dd1,LiAndrw,2025-01-31,16:29:56,-08:00,2025-01-31T16:29:56-08:00,0,43
index.js,5,js,8a827dd1,LiAndrw,2025-01-31,16:29:56,-08:00,2025-01-31T16:29:56-08:00,0,61
index.js,6,js,8a827dd1,LiAndrw,2025-01-31,16:29:56,-08:00,2025-01-31T16:29:56-08:00,0,55
index.js,7,js,8a827dd1,LiAndrw,2025-01-31,16:29:56,-08:00,2025-01-31T16:29:56-08:00,0,0
index.js,8,js,8a827dd1,LiAndrw,2025-01-31,16:29:56,-08:00,2025-01-31T16:29:56-08:00,0,61
index.js,9,js,8a827dd1,LiAndrw,2025-01-31,16:29:56,-08:00,2025-01-31T16:29:56-08:00,0,51
index.js,10,js,8a827dd1,LiAndrw,2025-01-31,16:29:56,-08:00,2025-01-31T16:29:56-08:00,0,0
index.js,11,js,8a827dd1,LiAndrw,2025-01-31,16:29:56,-08:00,2025-01-31T16:29:56-08:00,0,18
index.js,12,js,8a827dd1,LiAndrw,2025-01-31,16:29:56,-08:00,2025-01-31T16:29:56-08:00,0,25
index.js,13,js,8a827dd1,LiAndrw,2025-01-31,16:29:56,-08:00,2025-01-31T16:29:56-08:00,0,20
index.js,14,js,8a827dd1,LiAndrw,2025-01-31,16:29:56,-08:00,2025-01-31T16:29:56-08:00,0,24
index.js,15,js,8a827dd1,LiAndrw,2025-01-31,16:29:56,-08:00,2025-01-31T16:29:56-08:00,0,56
index.js,16,js,8a827dd1,LiAndrw,2025-01-31,16:29:56,-08:00,2025-01-31T16:29:56-08:00,0,56
index.js,17,js,8a827dd1,LiAndrw,2025-01-31,16:29:56,-08:00,2025-01-31T16:29:56-08:00,0,50
index.js,18,js,8a827dd1,LiAndrw,2025-01-31,16:29:56,-08:00,2025-01-31T16:29:56-08:00,0,50
index.js,19,js,8a827dd1,LiAndrw,2025-01-31,16:29:56,-08:00,2025-01-31T16:29:56-08:00,0,4
index.js,20,js,8a827dd1,LiAndrw,2025-01-31,16:29:56,-08:00,2025-01-31T16:29:56-08:00,0,1
index.js,21,js,8a827dd1,LiAndrw,2025-01-31,16:29:56,-08:00,2025-01-31T16:29:56-08:00,0,0
index.html,1,html,c8d4af43,LiAndrw,2025-01-10,20:30:32,-08:00,2025-01-10T20:30:32-08:00,0,14
index.html,2,html,bd2371ef,LiAndrw,2025-01-24,22:06:35,-08:00,2025-01-24T22:06:35-08:00,0,30
index.html,3,html,c8d4af43,LiAndrw,2025-01-10,20:30:32,-08:00,2025-01-10T20:30:32-08:00,0,5
index.html,4,html,c8d4af43,LiAndrw,2025-01-10,20:30:32,-08:00,2025-01-10T20:30:32-08:00,0,21
index.html,5,html,c8d4af43,LiAndrw,2025-01-10,20:30:32,-08:00,2025-01-10T20:30:32-08:00,0,69
index.html,6,html,c8d4af43,LiAndrw,2025-01-10,20:30:32,-08:00,2025-01-10T20:30:32-08:00,0,52
index.html,7,html,c0aad15c,LiAndrw,2025-01-10,21:02:31,-08:00,2025-01-10T21:02:31-08:00,0,39
index.html,8,html,c8d4af43,LiAndrw,2025-01-10,20:30:32,-08:00,2025-01-10T20:30:32-08:00,0,6
index.html,9,html,c8d4af43,LiAndrw,2025-01-10,20:30:32,-08:00,2025-01-10T20:30:32-08:00,0,5
index.html,10,html,c8d4af43,LiAndrw,2025-01-10,20:30:32,-08:00,2025-01-10T20:30:32-08:00,0,17
index.html,11,html,c027d269,LiAndrw,2025-01-16,23:58:20,-08:00,2025-01-16T23:58:20-08:00,0,87
index.html,12,html,c027d269,LiAndrw,2025-01-16,23:58:20,-08:00,2025-01-16T23:58:20-08:00,0,39
index.html,13,html,97b050dc,LiAndrw,2025-01-10,20:42:51,-08:00,2025-01-10T20:42:51-08:00,0,3
index.html,14,html,97ef8bdb,LiAndrw,2025-01-10,21:59:25,-08:00,2025-01-10T21:59:25-08:00,0,106
index.html,15,html,8a827dd1,LiAndrw,2025-01-31,16:29:56,-08:00,2025-01-31T16:29:56-08:00,0,0
index.html,16,html,8a827dd1,LiAndrw,2025-01-31,16:29:56,-08:00,2025-01-31T16:29:56-08:00,0,23
index.html,17,html,8a827dd1,LiAndrw,2025-01-31,16:29:56,-08:00,2025-01-31T16:29:56-08:00,0,21
index.html,18,html,8a827dd1,LiAndrw,2025-01-31,16:29:56,-08:00,2025-01-31T16:29:56-08:00,0,50
index.html,19,html,8a827dd1,LiAndrw,2025-01-31,16:29:56,-08:00,2025-01-31T16:29:56-08:00,0,5
index.html,20,html,8a827dd1,LiAndrw,2025-01-31,16:29:56,-08:00,2025-01-31T16:29:56-08:00,0,0
index.html,21,html,bd2371ef,LiAndrw,2025-01-24,22:06:35,-08:00,2025-01-24T22:06:35-08:00,0,46
index.html,22,html,8a827dd1,LiAndrw,2025-01-31,16:29:56,-08:00,2025-01-31T16:29:56-08:00,0,51
index.html,23,html,8a827dd1,LiAndrw,2025-01-31,16:29:56,-08:00,2025-01-31T16:29:56-08:00,0,0
index.html,24,html,8a827dd1,LiAndrw,2025-01-31,16:29:56,-08:00,2025-01-31T16:29:56-08:00,0,23
index.html,25,html,8a827dd1,LiAndrw,2025-01-31,16:29:56,-08:00,2025-01-31T16:29:56-08:00,0,5
index.html,26,html,8a827dd1,LiAndrw,2025-01-31,16:29:56,-08:00,2025-01-31T16:29:56-08:00,0,0
index.html,27,html,8a827dd1,LiAndrw,2025-01-31,16:29:56,-08:00,2025-01-31T16:29:56-08:00,0,0
index.html,28,html,c8d4af43,LiAndrw,2025-01-10,20:30:32,-08:00,2025-01-10T20:30:32-08:00,0,6
index.html,29,html,c8d4af43,LiAndrw,2025-01-10,20:30:32,-08:00,2025-01-10T20:30:32-08:00,0,6
global.js,1,js,bd2371ef,LiAndrw,2025-01-24,22:06:35,-08:00,2025-01-24T22:06:35-08:00,0,26
global.js,2,js,bd2371ef,LiAndrw,2025-01-24,22:06:35,-08:00,2025-01-24T22:06:35-08:00,0,0
global.js,3,js,bd2371ef,LiAndrw,2025-01-24,22:06:35,-08:00,2025-01-24T22:06:35-08:00,0,45
global.js,4,js,bd2371ef,LiAndrw,2025-01-24,22:06:35,-08:00,2025-01-24T22:06:35-08:00,0,58
global.js,5,js,bd2371ef,LiAndrw,2025-01-24,22:06:35,-08:00,2025-01-24T22:06:35-08:00,0,3
global.js,6,js,bd2371ef,LiAndrw,2025-01-24,22:06:35,-08:00,2025-01-24T22:06:35-08:00,0,0
global.js,7,js,bd2371ef,LiAndrw,2025-01-24,22:06:35,-08:00,2025-01-24T22:06:35-08:00,0,29
global.js,8,js,bd2371ef,LiAndrw,2025-01-24,22:06:35,-08:00,2025-01-24T22:06:35-08:00,0,0
global.js,9,js,bd2371ef,LiAndrw,2025-01-24,22:06:35,-08:00,2025-01-24T22:06:35-08:00,0,34
global.js,10,js,bd2371ef,LiAndrw,2025-01-24,22:06:35,-08:00,2025-01-24T22:06:35-08:00,0,73
global.js,11,js,bd2371ef,LiAndrw,2025-01-24,22:06:35,-08:00,2025-01-24T22:06:35-08:00,0,6
global.js,12,js,bd2371ef,LiAndrw,2025-01-24,22:06:35,-08:00,2025-01-24T22:06:35-08:00,0,0
global.js,13,js,bd2371ef,LiAndrw,2025-01-24,22:06:35,-08:00,2025-01-24T22:06:35-08:00,0,40
global.js,14,js,bd2371ef,LiAndrw,2025-01-24,22:06:35,-08:00,2025-01-24T22:06:35-08:00,0,0
global.js,15,js,bd2371ef,LiAndrw,2025-01-24,22:06:35,-08:00,2025-01-24T22:06:35-08:00,0,0
global.js,16,js,bd2371ef,LiAndrw,2025-01-24,22:06:35,-08:00,2025-01-24T22:06:35-08:00,0,12
global.js,17,js,bd2371ef,LiAndrw,2025-01-24,22:06:35,-08:00,2025-01-24T22:06:35-08:00,0,26
global.js,18,js,bd2371ef,LiAndrw,2025-01-24,22:06:35,-08:00,2025-01-24T22:06:35-08:00,0,39
global.js,19,js,bd2371ef,LiAndrw,2025-01-24,22:06:35,-08:00,2025-01-24T22:06:35-08:00,0,37
global.js,20,js,bd2371ef,LiAndrw,2025-01-24,22:06:35,-08:00,2025-01-24T22:06:35-08:00,0,35
global.js,21,js,3fd5f7f4,LiAndrw,2025-02-14,20:19:55,-08:00,2025-02-14T20:19:55-08:00,0,30
global.js,22,js,bd2371ef,LiAndrw,2025-01-24,22:06:35,-08:00,2025-01-24T22:06:35-08:00,0,54
global.js,23,js,bd2371ef,LiAndrw,2025-01-24,22:06:35,-08:00,2025-01-24T22:06:35-08:00,0,1
global.js,24,js,bd2371ef,LiAndrw,2025-01-24,22:06:35,-08:00,2025-01-24T22:06:35-08:00,0,0
global.js,25,js,bd2371ef,LiAndrw,2025-01-24,22:06:35,-08:00,2025-01-24T22:06:35-08:00,0,39
global.js,26,js,bd2371ef,LiAndrw,2025-01-24,22:06:35,-08:00,2025-01-24T22:06:35-08:00,0,26
global.js,27,js,bd2371ef,LiAndrw,2025-01-24,22:06:35,-08:00,2025-01-24T22:06:35-08:00,0,0
global.js,28,js,bd2371ef,LiAndrw,2025-01-24,22:06:35,-08:00,2025-01-24T22:06:35-08:00,0,71
global.js,29,js,bd2371ef,LiAndrw,2025-01-24,22:06:35,-08:00,2025-01-24T22:06:35-08:00,0,0
global.js,30,js,bd2371ef,LiAndrw,2025-01-24,22:06:35,-08:00,2025-01-24T22:06:35-08:00,0,21
global.js,31,js,bd2371ef,LiAndrw,2025-01-24,22:06:35,-08:00,2025-01-24T22:06:35-08:00,0,15
global.js,32,js,bd2371ef,LiAndrw,2025-01-24,22:06:35,-08:00,2025-01-24T22:06:35-08:00,0,19
global.js,33,js,bd2371ef,LiAndrw,2025-01-24,22:06:35,-08:00,2025-01-24T22:06:35-08:00,0,65
global.js,34,js,bd2371ef,LiAndrw,2025-01-24,22:06:35,-08:00,2025-01-24T22:06:35-08:00,0,35
global.js,35,js,bd2371ef,LiAndrw,2025-01-24,22:06:35,-08:00,2025-01-24T22:06:35-08:00,0,12
global.js,36,js,bd2371ef,LiAndrw,2025-01-24,22:06:35,-08:00,2025-01-24T22:06:35-08:00,0,21
global.js,37,js,bd2371ef,LiAndrw,2025-01-24,22:06:35,-08:00,2025-01-24T22:06:35-08:00,0,13
global.js,38,js,bd2371ef,LiAndrw,2025-01-24,22:06:35,-08:00,2025-01-24T22:06:35-08:00,0,18
global.js,39,js,bd2371ef,LiAndrw,2025-01-24,22:06:35,-08:00,2025-01-24T22:06:35-08:00,0,9
global.js,40,js,bd2371ef,LiAndrw,2025-01-24,22:06:35,-08:00,2025-01-24T22:06:35-08:00,0,59
global.js,41,js,bd2371ef,LiAndrw,2025-01-24,22:06:35,-08:00,2025-01-24T22:06:35-08:00,0,1
global.js,42,js,bd2371ef,LiAndrw,2025-01-24,22:06:35,-08:00,2025-01-24T22:06:35-08:00,0,53
global.js,43,js,bd2371ef,LiAndrw,2025-01-24,22:06:35,-08:00,2025-01-24T22:06:35-08:00,0,0
global.js,44,js,bd2371ef,LiAndrw,2025-01-24,22:06:35,-08:00,2025-01-24T22:06:35-08:00,0,0
global.js,45,js,bd2371ef,LiAndrw,2025-01-24,22:06:35,-08:00,2025-01-24T22:06:35-08:00,0,32
global.js,46,js,bd2371ef,LiAndrw,2025-01-24,22:06:35,-08:00,2025-01-24T22:06:35-08:00,0,12
global.js,47,js,bd2371ef,LiAndrw,2025-01-24,22:06:35,-08:00,2025-01-24T22:06:35-08:00,0,0
global.js,48,js,bd2371ef,LiAndrw,2025-01-24,22:06:35,-08:00,2025-01-24T22:06:35-08:00,0,27
global.js,49,js,bd2371ef,LiAndrw,2025-01-24,22:06:35,-08:00,2025-01-24T22:06:35-08:00,0,5
global.js,50,js,bd2371ef,LiAndrw,2025-01-24,22:06:35,-08:00,2025-01-24T22:06:35-08:00,0,7
global.js,51,js,bd2371ef,LiAndrw,2025-01-24,22:06:35,-08:00,2025-01-24T22:06:35-08:00,0,44
global.js,52,js,bd2371ef,LiAndrw,2025-01-24,22:06:35,-08:00,2025-01-24T22:06:35-08:00,0,35
global.js,53,js,bd2371ef,LiAndrw,2025-01-24,22:06:35,-08:00,2025-01-24T22:06:35-08:00,0,33
global.js,54,js,bd2371ef,LiAndrw,2025-01-24,22:06:35,-08:00,2025-01-24T22:06:35-08:00,0,8
global.js,55,js,bd2371ef,LiAndrw,2025-01-24,22:06:35,-08:00,2025-01-24T22:06:35-08:00,0,8
global.js,56,js,bd2371ef,LiAndrw,2025-01-24,22:06:35,-08:00,2025-01-24T22:06:35-08:00,0,1
global.js,57,js,bd2371ef,LiAndrw,2025-01-24,22:06:35,-08:00,2025-01-24T22:06:35-08:00,0,0
global.js,58,js,bd2371ef,LiAndrw,2025-01-24,22:06:35,-08:00,2025-01-24T22:06:35-08:00,0,61
global.js,59,js,bd2371ef,LiAndrw,2025-01-24,22:06:35,-08:00,2025-01-24T22:06:35-08:00,0,0
global.js,60,js,bd2371ef,LiAndrw,2025-01-24,22:06:35,-08:00,2025-01-24T22:06:35-08:00,0,60
global.js,61,js,bd2371ef,LiAndrw,2025-01-24,22:06:35,-08:00,2025-01-24T22:06:35-08:00,0,0
global.js,62,js,bd2371ef,LiAndrw,2025-01-24,22:06:35,-08:00,2025-01-24T22:06:35-08:00,0,37
global.js,63,js,bd2371ef,LiAndrw,2025-01-24,22:06:35,-08:00,2025-01-24T22:06:35-08:00,0,71
global.js,64,js,bd2371ef,LiAndrw,2025-01-24,22:06:35,-08:00,2025-01-24T22:06:35-08:00,0,26
global.js,65,js,bd2371ef,LiAndrw,2025-01-24,22:06:35,-08:00,2025-01-24T22:06:35-08:00,0,0
global.js,66,js,bd2371ef,LiAndrw,2025-01-24,22:06:35,-08:00,2025-01-24T22:06:35-08:00,0,0
global.js,67,js,bd2371ef,LiAndrw,2025-01-24,22:06:35,-08:00,2025-01-24T22:06:35-08:00,0,27
global.js,68,js,bd2371ef,LiAndrw,2025-01-24,22:06:35,-08:00,2025-01-24T22:06:35-08:00,0,0
global.js,69,js,bd2371ef,LiAndrw,2025-01-24,22:06:35,-08:00,2025-01-24T22:06:35-08:00,0,44
global.js,70,js,bd2371ef,LiAndrw,2025-01-24,22:06:35,-08:00,2025-01-24T22:06:35-08:00,0,41
global.js,71,js,bd2371ef,LiAndrw,2025-01-24,22:06:35,-08:00,2025-01-24T22:06:35-08:00,0,41
global.js,72,js,bd2371ef,LiAndrw,2025-01-24,22:06:35,-08:00,2025-01-24T22:06:35-08:00,0,30
global.js,73,js,bd2371ef,LiAndrw,2025-01-24,22:06:35,-08:00,2025-01-24T22:06:35-08:00,0,2
global.js,74,js,bd2371ef,LiAndrw,2025-01-24,22:06:35,-08:00,2025-01-24T22:06:35-08:00,0,0
global.js,75,js,bd2371ef,LiAndrw,2025-01-24,22:06:35,-08:00,2025-01-24T22:06:35-08:00,0,43
global.js,76,js,bd2371ef,LiAndrw,2025-01-24,22:06:35,-08:00,2025-01-24T22:06:35-08:00,0,0
global.js,77,js,bd2371ef,LiAndrw,2025-01-24,22:06:35,-08:00,2025-01-24T22:06:35-08:00,0,44
global.js,78,js,bd2371ef,LiAndrw,2025-01-24,22:06:35,-08:00,2025-01-24T22:06:35-08:00,0,22
global.js,79,js,bd2371ef,LiAndrw,2025-01-24,22:06:35,-08:00,2025-01-24T22:06:35-08:00,0,31
global.js,80,js,bd2371ef,LiAndrw,2025-01-24,22:06:35,-08:00,2025-01-24T22:06:35-08:00,0,0
global.js,81,js,bd2371ef,LiAndrw,2025-01-24,22:06:35,-08:00,2025-01-24T22:06:35-08:00,0,27
global.js,82,js,bd2371ef,LiAndrw,2025-01-24,22:06:35,-08:00,2025-01-24T22:06:35-08:00,0,0
global.js,83,js,bd2371ef,LiAndrw,2025-01-24,22:06:35,-08:00,2025-01-24T22:06:35-08:00,0,32
global.js,84,js,bd2371ef,LiAndrw,2025-01-24,22:06:35,-08:00,2025-01-24T22:06:35-08:00,0,66
global.js,85,js,bd2371ef,LiAndrw,2025-01-24,22:06:35,-08:00,2025-01-24T22:06:35-08:00,0,0
global.js,86,js,bd2371ef,LiAndrw,2025-01-24,22:06:35,-08:00,2025-01-24T22:06:35-08:00,0,0
global.js,87,js,bd2371ef,LiAndrw,2025-01-24,22:06:35,-08:00,2025-01-24T22:06:35-08:00,0,22
global.js,88,js,bd2371ef,LiAndrw,2025-01-24,22:06:35,-08:00,2025-01-24T22:06:35-08:00,0,0
global.js,89,js,bd2371ef,LiAndrw,2025-01-24,22:06:35,-08:00,2025-01-24T22:06:35-08:00,0,19
global.js,90,js,bd2371ef,LiAndrw,2025-01-24,22:06:35,-08:00,2025-01-24T22:06:35-08:00,0,2
global.js,91,js,8a827dd1,LiAndrw,2025-01-31,16:29:56,-08:00,2025-01-31T16:29:56-08:00,0,0
global.js,92,js,8a827dd1,LiAndrw,2025-01-31,16:29:56,-08:00,2025-01-31T16:29:56-08:00,0,0
global.js,93,js,8a827dd1,LiAndrw,2025-01-31,16:29:56,-08:00,2025-01-31T16:29:56-08:00,0,37
global.js,94,js,8a827dd1,LiAndrw,2025-01-31,16:29:56,-08:00,2025-01-31T16:29:56-08:00,0,4
global.js,95,js,8a827dd1,LiAndrw,2025-01-31,16:29:56,-08:00,2025-01-31T16:29:56-08:00,0,33
global.js,96,js,8a827dd1,LiAndrw,2025-01-31,16:29:56,-08:00,2025-01-31T16:29:56-08:00,0,18
global.js,97,js,8a827dd1,LiAndrw,2025-01-31,16:29:56,-08:00,2025-01-31T16:29:56-08:00,0,67
global.js,98,js,8a827dd1,LiAndrw,2025-01-31,16:29:56,-08:00,2025-01-31T16:29:56-08:00,0,0
global.js,99,js,8a827dd1,LiAndrw,2025-01-31,16:29:56,-08:00,2025-01-31T16:29:56-08:00,0,34
global.js,100,js,8a827dd1,LiAndrw,2025-01-31,16:29:56,-08:00,2025-01-31T16:29:56-08:00,0,11
global.js,101,js,8a827dd1,LiAndrw,2025-01-31,16:29:56,-08:00,2025-01-31T16:29:56-08:00,0,16
global.js,102,js,8a827dd1,LiAndrw,2025-01-31,16:29:56,-08:00,2025-01-31T16:29:56-08:00,0,60
global.js,103,js,8a827dd1,LiAndrw,2025-01-31,16:29:56,-08:00,2025-01-31T16:29:56-08:00,0,9
global.js,104,js,8a827dd1,LiAndrw,2025-01-31,16:29:56,-08:00,2025-01-31T16:29:56-08:00,0,0
global.js,105,js,8a827dd1,LiAndrw,2025-01-31,16:29:56,-08:00,2025-01-31T16:29:56-08:00,0,0
global.js,106,js,8a827dd1,LiAndrw,2025-01-31,16:29:56,-08:00,2025-01-31T16:29:56-08:00,0,0
global.js,107,js,8a827dd1,LiAndrw,2025-01-31,16:29:56,-08:00,2025-01-31T16:29:56-08:00,0,80
global.js,108,js,8a827dd1,LiAndrw,2025-01-31,16:29:56,-08:00,2025-01-31T16:29:56-08:00,0,31
global.js,109,js,8a827dd1,LiAndrw,2025-01-31,16:29:56,-08:00,2025-01-31T16:29:56-08:00,0,0
global.js,110,js,8a827dd1,LiAndrw,2025-01-31,16:29:56,-08:00,2025-01-31T16:29:56-08:00,0,23
global.js,111,js,8a827dd1,LiAndrw,2025-01-31,16:29:56,-08:00,2025-01-31T16:29:56-08:00,0,52
global.js,112,js,8a827dd1,LiAndrw,2025-01-31,16:29:56,-08:00,2025-01-31T16:29:56-08:00,0,6
global.js,113,js,8a827dd1,LiAndrw,2025-01-31,16:29:56,-08:00,2025-01-31T16:29:56-08:00,0,0
global.js,114,js,8a827dd1,LiAndrw,2025-01-31,16:29:56,-08:00,2025-01-31T16:29:56-08:00,0,0
global.js,115,js,8a827dd1,LiAndrw,2025-01-31,16:29:56,-08:00,2025-01-31T16:29:56-08:00,0,27
global.js,116,js,8a827dd1,LiAndrw,2025-01-31,16:29:56,-08:00,2025-01-31T16:29:56-08:00,0,60
global.js,117,js,8a827dd1,LiAndrw,2025-01-31,16:29:56,-08:00,2025-01-31T16:29:56-08:00,0,6
global.js,118,js,8a827dd1,LiAndrw,2025-01-31,16:29:56,-08:00,2025-01-31T16:29:56-08:00,0,0
global.js,119,js,8a827dd1,LiAndrw,2025-01-31,16:29:56,-08:00,2025-01-31T16:29:56-08:00,0,0
global.js,120,js,8a827dd1,LiAndrw,2025-01-31,16:29:56,-08:00,2025-01-31T16:29:56-08:00,0,30
global.js,121,js,8a827dd1,LiAndrw,2025-01-31,16:29:56,-08:00,2025-01-31T16:29:56-08:00,0,49
global.js,122,js,8a827dd1,LiAndrw,2025-01-31,16:29:56,-08:00,2025-01-31T16:29:56-08:00,0,20
global.js,123,js,8a827dd1,LiAndrw,2025-01-31,16:29:56,-08:00,2025-01-31T16:29:56-08:00,0,50
global.js,124,js,8a827dd1,LiAndrw,2025-01-31,16:29:56,-08:00,2025-01-31T16:29:56-08:00,0,50
global.js,125,js,f2793246,LiAndrw,2025-02-07,23:25:31,-08:00,2025-02-07T23:25:31-08:00,0,4
global.js,126,js,f2793246,LiAndrw,2025-02-07,23:25:31,-08:00,2025-02-07T23:25:31-08:00,0,28
global.js,127,js,f2793246,LiAndrw,2025-02-07,23:25:31,-08:00,2025-02-07T23:25:31-08:00,0,42
global.js,128,js,f2793246,LiAndrw,2025-02-07,23:25:31,-08:00,2025-02-07T23:25:31-08:00,0,5
global.js,129,js,8a827dd1,LiAndrw,2025-01-31,16:29:56,-08:00,2025-01-31T16:29:56-08:00,0,1
global.js,130,js,8a827dd1,LiAndrw,2025-01-31,16:29:56,-08:00,2025-01-31T16:29:56-08:00,0,37
global.js,131,js,8a827dd1,LiAndrw,2025-01-31,16:29:56,-08:00,2025-01-31T16:29:56-08:00,0,0
global.js,132,js,8a827dd1,LiAndrw,2025-01-31,16:29:56,-08:00,2025-01-31T16:29:56-08:00,0,0
global.js,133,js,8a827dd1,LiAndrw,2025-01-31,16:29:56,-08:00,2025-01-31T16:29:56-08:00,0,0
global.js,134,js,8a827dd1,LiAndrw,2025-01-31,16:29:56,-08:00,2025-01-31T16:29:56-08:00,0,0
global.js,135,js,f2793246,LiAndrw,2025-02-07,23:25:31,-08:00,2025-02-07T23:25:31-08:00,0,0
global.js,136,js,8a827dd1,LiAndrw,2025-01-31,16:29:56,-08:00,2025-01-31T16:29:56-08:00,0,48
global.js,137,js,8a827dd1,LiAndrw,2025-01-31,16:29:56,-08:00,2025-01-31T16:29:56-08:00,0,56
global.js,138,js,8a827dd1,LiAndrw,2025-01-31,16:29:56,-08:00,2025-01-31T16:29:56-08:00,0,0
resume/index.html,1,html,902a7cde,LiAndrw,2025-01-10,22:30:56,-08:00,2025-01-10T22:30:56-08:00,0,14
resume/index.html,2,html,902a7cde,LiAndrw,2025-01-10,22:30:56,-08:00,2025-01-10T22:30:56-08:00,0,15
resume/index.html,3,html,902a7cde,LiAndrw,2025-01-10,22:30:56,-08:00,2025-01-10T22:30:56-08:00,0,5
resume/index.html,4,html,902a7cde,LiAndrw,2025-01-10,22:30:56,-08:00,2025-01-10T22:30:56-08:00,0,21
resume/index.html,5,html,902a7cde,LiAndrw,2025-01-10,22:30:56,-08:00,2025-01-10T22:30:56-08:00,0,69
resume/index.html,6,html,9163e0f7,LiAndrw,2025-01-17,00:26:36,-08:00,2025-01-17T00:26:36-08:00,0,25
resume/index.html,7,html,902a7cde,LiAndrw,2025-01-10,22:30:56,-08:00,2025-01-10T22:30:56-08:00,0,42
resume/index.html,8,html,902a7cde,LiAndrw,2025-01-10,22:30:56,-08:00,2025-01-10T22:30:56-08:00,0,6
resume/index.html,9,html,902a7cde,LiAndrw,2025-01-10,22:30:56,-08:00,2025-01-10T22:30:56-08:00,0,5
resume/index.html,10,html,9163e0f7,LiAndrw,2025-01-17,00:26:36,-08:00,2025-01-17T00:26:36-08:00,0,19
resume/index.html,11,html,902a7cde,LiAndrw,2025-01-10,22:30:56,-08:00,2025-01-10T22:30:56-08:00,0,0
resume/index.html,12,html,902a7cde,LiAndrw,2025-01-10,22:30:56,-08:00,2025-01-10T22:30:56-08:00,0,8
resume/index.html,13,html,902a7cde,LiAndrw,2025-01-10,22:30:56,-08:00,2025-01-10T22:30:56-08:00,0,7
resume/index.html,14,html,902a7cde,LiAndrw,2025-01-10,22:30:56,-08:00,2025-01-10T22:30:56-08:00,0,17
resume/index.html,15,html,902a7cde,LiAndrw,2025-01-10,22:30:56,-08:00,2025-01-10T22:30:56-08:00,0,8
resume/index.html,16,html,7054ea67,LiAndrw,2025-01-24,22:24:59,-08:00,2025-01-24T22:24:59-08:00,0,77
resume/index.html,17,html,902a7cde,LiAndrw,2025-01-10,22:30:56,-08:00,2025-01-10T22:30:56-08:00,0,39
resume/index.html,18,html,902a7cde,LiAndrw,2025-01-10,22:30:56,-08:00,2025-01-10T22:30:56-08:00,0,35
resume/index.html,19,html,902a7cde,LiAndrw,2025-01-10,22:30:56,-08:00,2025-01-10T22:30:56-08:00,0,9
resume/index.html,20,html,902a7cde,LiAndrw,2025-01-10,22:30:56,-08:00,2025-01-10T22:30:56-08:00,0,0
resume/index.html,21,html,902a7cde,LiAndrw,2025-01-10,22:30:56,-08:00,2025-01-10T22:30:56-08:00,0,8
resume/index.html,22,html,902a7cde,LiAndrw,2025-01-10,22:30:56,-08:00,2025-01-10T22:30:56-08:00,0,7
resume/index.html,23,html,902a7cde,LiAndrw,2025-01-10,22:30:56,-08:00,2025-01-10T22:30:56-08:00,0,24
resume/index.html,24,html,902a7cde,LiAndrw,2025-01-10,22:30:56,-08:00,2025-01-10T22:30:56-08:00,0,8
resume/index.html,25,html,902a7cde,LiAndrw,2025-01-10,22:30:56,-08:00,2025-01-10T22:30:56-08:00,0,3
resume/index.html,26,html,902a7cde,LiAndrw,2025-01-10,22:30:56,-08:00,2025-01-10T22:30:56-08:00,0,88
resume/index.html,27,html,902a7cde,LiAndrw,2025-01-10,22:30:56,-08:00,2025-01-10T22:30:56-08:00,0,96
resume/index.html,28,html,902a7cde,LiAndrw,2025-01-10,22:30:56,-08:00,2025-01-10T22:30:56-08:00,0,139
resume/index.html,29,html,902a7cde,LiAndrw,2025-01-10,22:30:56,-08:00,2025-01-10T22:30:56-08:00,0,4
resume/index.html,30,html,902a7cde,LiAndrw,2025-01-10,22:30:56,-08:00,2025-01-10T22:30:56-08:00,0,9
resume/index.html,31,html,902a7cde,LiAndrw,2025-01-10,22:30:56,-08:00,2025-01-10T22:30:56-08:00,0,0
resume/index.html,32,html,902a7cde,LiAndrw,2025-01-10,22:30:56,-08:00,2025-01-10T22:30:56-08:00,0,8
resume/index.html,33,html,902a7cde,LiAndrw,2025-01-10,22:30:56,-08:00,2025-01-10T22:30:56-08:00,0,7
resume/index.html,34,html,902a7cde,LiAndrw,2025-01-10,22:30:56,-08:00,2025-01-10T22:30:56-08:00,0,29
resume/index.html,35,html,902a7cde,LiAndrw,2025-01-10,22:30:56,-08:00,2025-01-10T22:30:56-08:00,0,8
resume/index.html,36,html,902a7cde,LiAndrw,2025-01-10,22:30:56,-08:00,2025-01-10T22:30:56-08:00,0,8
resume/index.html,37,html,902a7cde,LiAndrw,2025-01-10,22:30:56,-08:00,2025-01-10T22:30:56-08:00,0,7
resume/index.html,38,html,902a7cde,LiAndrw,2025-01-10,22:30:56,-08:00,2025-01-10T22:30:56-08:00,0,74
resume/index.html,39,html,902a7cde,LiAndrw,2025-01-10,22:30:56,-08:00,2025-01-10T22:30:56-08:00,0,31
resume/index.html,40,html,902a7cde,LiAndrw,2025-01-10,22:30:56,-08:00,2025-01-10T22:30:56-08:00,0,8
resume/index.html,41,html,902a7cde,LiAndrw,2025-01-10,22:30:56,-08:00,2025-01-10T22:30:56-08:00,0,440
resume/index.html,42,html,902a7cde,LiAndrw,2025-01-10,22:30:56,-08:00,2025-01-10T22:30:56-08:00,0,9
resume/index.html,43,html,c027d269,LiAndrw,2025-01-16,23:58:20,-08:00,2025-01-16T23:58:20-08:00,0,8
resume/index.html,44,html,c027d269,LiAndrw,2025-01-16,23:58:20,-08:00,2025-01-16T23:58:20-08:00,0,7
resume/index.html,45,html,c027d269,LiAndrw,2025-01-16,23:58:20,-08:00,2025-01-16T23:58:20-08:00,0,57
resume/index.html,46,html,c027d269,LiAndrw,2025-01-16,23:58:20,-08:00,2025-01-16T23:58:20-08:00,0,31
resume/index.html,47,html,c027d269,LiAndrw,2025-01-16,23:58:20,-08:00,2025-01-16T23:58:20-08:00,0,8
resume/index.html,48,html,c027d269,LiAndrw,2025-01-16,23:58:20,-08:00,2025-01-16T23:58:20-08:00,0,94
resume/index.html,49,html,c027d269,LiAndrw,2025-01-16,23:58:20,-08:00,2025-01-16T23:58:20-08:00,0,92
resume/index.html,50,html,c027d269,LiAndrw,2025-01-16,23:58:20,-08:00,2025-01-16T23:58:20-08:00,0,18
resume/index.html,51,html,c027d269,LiAndrw,2025-01-16,23:58:20,-08:00,2025-01-16T23:58:20-08:00,0,93
resume/index.html,52,html,c027d269,LiAndrw,2025-01-16,23:58:20,-08:00,2025-01-16T23:58:20-08:00,0,17
resume/index.html,53,html,c027d269,LiAndrw,2025-01-16,23:58:20,-08:00,2025-01-16T23:58:20-08:00,0,174
resume/index.html,54,html,c027d269,LiAndrw,2025-01-16,23:58:20,-08:00,2025-01-16T23:58:20-08:00,0,100
resume/index.html,55,html,c027d269,LiAndrw,2025-01-16,23:58:20,-08:00,2025-01-16T23:58:20-08:00,0,9
resume/index.html,56,html,902a7cde,LiAndrw,2025-01-10,22:30:56,-08:00,2025-01-10T22:30:56-08:00,0,8
resume/index.html,57,html,902a7cde,LiAndrw,2025-01-10,22:30:56,-08:00,2025-01-10T22:30:56-08:00,0,7
resume/index.html,58,html,902a7cde,LiAndrw,2025-01-10,22:30:56,-08:00,2025-01-10T22:30:56-08:00,0,58
resume/index.html,59,html,902a7cde,LiAndrw,2025-01-10,22:30:56,-08:00,2025-01-10T22:30:56-08:00,0,31
resume/index.html,60,html,902a7cde,LiAndrw,2025-01-10,22:30:56,-08:00,2025-01-10T22:30:56-08:00,0,8
resume/index.html,61,html,902a7cde,LiAndrw,2025-01-10,22:30:56,-08:00,2025-01-10T22:30:56-08:00,0,207
resume/index.html,62,html,902a7cde,LiAndrw,2025-01-10,22:30:56,-08:00,2025-01-10T22:30:56-08:00,0,9
resume/index.html,63,html,902a7cde,LiAndrw,2025-01-10,22:30:56,-08:00,2025-01-10T22:30:56-08:00,0,8
resume/index.html,64,html,902a7cde,LiAndrw,2025-01-10,22:30:56,-08:00,2025-01-10T22:30:56-08:00,0,7
resume/index.html,65,html,902a7cde,LiAndrw,2025-01-10,22:30:56,-08:00,2025-01-10T22:30:56-08:00,0,55
resume/index.html,66,html,902a7cde,LiAndrw,2025-01-10,22:30:56,-08:00,2025-01-10T22:30:56-08:00,0,31
resume/index.html,67,html,902a7cde,LiAndrw,2025-01-10,22:30:56,-08:00,2025-01-10T22:30:56-08:00,0,8
resume/index.html,68,html,902a7cde,LiAndrw,2025-01-10,22:30:56,-08:00,2025-01-10T22:30:56-08:00,0,247
resume/index.html,69,html,902a7cde,LiAndrw,2025-01-10,22:30:56,-08:00,2025-01-10T22:30:56-08:00,0,9
resume/index.html,70,html,902a7cde,LiAndrw,2025-01-10,22:30:56,-08:00,2025-01-10T22:30:56-08:00,0,9
resume/index.html,71,html,902a7cde,LiAndrw,2025-01-10,22:30:56,-08:00,2025-01-10T22:30:56-08:00,0,0
resume/index.html,72,html,902a7cde,LiAndrw,2025-01-10,22:30:56,-08:00,2025-01-10T22:30:56-08:00,0,8
resume/index.html,73,html,902a7cde,LiAndrw,2025-01-10,22:30:56,-08:00,2025-01-10T22:30:56-08:00,0,7
resume/index.html,74,html,902a7cde,LiAndrw,2025-01-10,22:30:56,-08:00,2025-01-10T22:30:56-08:00,0,26
resume/index.html,75,html,902a7cde,LiAndrw,2025-01-10,22:30:56,-08:00,2025-01-10T22:30:56-08:00,0,8
resume/index.html,76,html,c027d269,LiAndrw,2025-01-16,23:58:20,-08:00,2025-01-16T23:58:20-08:00,0,67
resume/index.html,77,html,c027d269,LiAndrw,2025-01-16,23:58:20,-08:00,2025-01-16T23:58:20-08:00,0,96
resume/index.html,78,html,902a7cde,LiAndrw,2025-01-10,22:30:56,-08:00,2025-01-10T22:30:56-08:00,0,9
resume/index.html,79,html,902a7cde,LiAndrw,2025-01-10,22:30:56,-08:00,2025-01-10T22:30:56-08:00,0,0
resume/index.html,80,html,902a7cde,LiAndrw,2025-01-10,22:30:56,-08:00,2025-01-10T22:30:56-08:00,0,8
resume/index.html,81,html,902a7cde,LiAndrw,2025-01-10,22:30:56,-08:00,2025-01-10T22:30:56-08:00,0,7
resume/index.html,82,html,902a7cde,LiAndrw,2025-01-10,22:30:56,-08:00,2025-01-10T22:30:56-08:00,0,26
resume/index.html,83,html,902a7cde,LiAndrw,2025-01-10,22:30:56,-08:00,2025-01-10T22:30:56-08:00,0,8
resume/index.html,84,html,902a7cde,LiAndrw,2025-01-10,22:30:56,-08:00,2025-01-10T22:30:56-08:00,0,114
resume/index.html,85,html,902a7cde,LiAndrw,2025-01-10,22:30:56,-08:00,2025-01-10T22:30:56-08:00,0,9
resume/index.html,86,html,bd2371ef,LiAndrw,2025-01-24,22:06:35,-08:00,2025-01-24T22:06:35-08:00,0,49
resume/index.html,87,html,902a7cde,LiAndrw,2025-01-10,22:30:56,-08:00,2025-01-10T22:30:56-08:00,0,6
resume/index.html,88,html,902a7cde,LiAndrw,2025-01-10,22:30:56,-08:00,2025-01-10T22:30:56-08:00,0,6
projects/projects.js,1,js,8a827dd1,LiAndrw,2025-01-31,16:29:56,-08:00,2025-01-31T16:29:56-08:00,0,56
projects/projects.js,2,js,f2793246,LiAndrw,2025-02-07,23:25:31,-08:00,2025-02-07T23:25:31-08:00,0,64
projects/projects.js,3,js,f2793246,LiAndrw,2025-02-07,23:25:31,-08:00,2025-02-07T23:25:31-08:00,0,0
projects/projects.js,4,js,8a827dd1,LiAndrw,2025-01-31,16:29:56,-08:00,2025-01-31T16:29:56-08:00,0,61
projects/projects.js,5,js,8a827dd1,LiAndrw,2025-01-31,16:29:56,-08:00,2025-01-31T16:29:56-08:00,0,0
projects/projects.js,6,js,8a827dd1,LiAndrw,2025-01-31,16:29:56,-08:00,2025-01-31T16:29:56-08:00,0,30
projects/projects.js,7,js,8a827dd1,LiAndrw,2025-01-31,16:29:56,-08:00,2025-01-31T16:29:56-08:00,0,56
projects/projects.js,8,js,8a827dd1,LiAndrw,2025-01-31,16:29:56,-08:00,2025-01-31T16:29:56-08:00,0,49
projects/projects.js,9,js,8a827dd1,LiAndrw,2025-01-31,16:29:56,-08:00,2025-01-31T16:29:56-08:00,0,0
projects/projects.js,10,js,8a827dd1,LiAndrw,2025-01-31,16:29:56,-08:00,2025-01-31T16:29:56-08:00,0,69
projects/projects.js,11,js,8a827dd1,LiAndrw,2025-01-31,16:29:56,-08:00,2025-01-31T16:29:56-08:00,0,25
projects/projects.js,12,js,8a827dd1,LiAndrw,2025-01-31,16:29:56,-08:00,2025-01-31T16:29:56-08:00,0,65
projects/projects.js,13,js,8a827dd1,LiAndrw,2025-01-31,16:29:56,-08:00,2025-01-31T16:29:56-08:00,0,0
projects/projects.js,14,js,f2793246,LiAndrw,2025-02-07,23:25:31,-08:00,2025-02-07T23:25:31-08:00,0,0
projects/projects.js,15,js,f2793246,LiAndrw,2025-02-07,23:25:31,-08:00,2025-02-07T23:25:31-08:00,0,24
projects/projects.js,16,js,f2793246,LiAndrw,2025-02-07,23:25:31,-08:00,2025-02-07T23:25:31-08:00,0,0
projects/projects.js,17,js,f2793246,LiAndrw,2025-02-07,23:25:31,-08:00,2025-02-07T23:25:31-08:00,0,0
projects/projects.js,18,js,f2793246,LiAndrw,2025-02-07,23:25:31,-08:00,2025-02-07T23:25:31-08:00,0,15
projects/projects.js,19,js,f2793246,LiAndrw,2025-02-07,23:25:31,-08:00,2025-02-07T23:25:31-08:00,0,0
projects/projects.js,20,js,f2793246,LiAndrw,2025-02-07,23:25:31,-08:00,2025-02-07T23:25:31-08:00,0,62
projects/projects.js,21,js,f2793246,LiAndrw,2025-02-07,23:25:31,-08:00,2025-02-07T23:25:31-08:00,0,10
projects/projects.js,22,js,f2793246,LiAndrw,2025-02-07,23:25:31,-08:00,2025-02-07T23:25:31-08:00,0,62
projects/projects.js,23,js,f2793246,LiAndrw,2025-02-07,23:25:31,-08:00,2025-02-07T23:25:31-08:00,0,249
projects/projects.js,24,js,f2793246,LiAndrw,2025-02-07,23:25:31,-08:00,2025-02-07T23:25:31-08:00,0,1
projects/projects.js,25,js,f2793246,LiAndrw,2025-02-07,23:25:31,-08:00,2025-02-07T23:25:31-08:00,0,0
projects/projects.js,26,js,f2793246,LiAndrw,2025-02-07,23:25:31,-08:00,2025-02-07T23:25:31-08:00,0,56
projects/projects.js,27,js,f2793246,LiAndrw,2025-02-07,23:25:31,-08:00,2025-02-07T23:25:31-08:00,0,10
projects/projects.js,28,js,f2793246,LiAndrw,2025-02-07,23:25:31,-08:00,2025-02-07T23:25:31-08:00,0,62
projects/projects.js,29,js,f2793246,LiAndrw,2025-02-07,23:25:31,-08:00,2025-02-07T23:25:31-08:00,0,239
projects/projects.js,30,js,f2793246,LiAndrw,2025-02-07,23:25:31,-08:00,2025-02-07T23:25:31-08:00,0,1
projects/projects.js,31,js,f2793246,LiAndrw,2025-02-07,23:25:31,-08:00,2025-02-07T23:25:31-08:00,0,0
projects/projects.js,32,js,f2793246,LiAndrw,2025-02-07,23:25:31,-08:00,2025-02-07T23:25:31-08:00,0,41
projects/projects.js,33,js,f2793246,LiAndrw,2025-02-07,23:25:31,-08:00,2025-02-07T23:25:31-08:00,0,10
projects/projects.js,34,js,f2793246,LiAndrw,2025-02-07,23:25:31,-08:00,2025-02-07T23:25:31-08:00,0,62
projects/projects.js,35,js,f2793246,LiAndrw,2025-02-07,23:25:31,-08:00,2025-02-07T23:25:31-08:00,0,246
projects/projects.js,36,js,f2793246,LiAndrw,2025-02-07,23:25:31,-08:00,2025-02-07T23:25:31-08:00,0,1
projects/projects.js,37,js,f2793246,LiAndrw,2025-02-07,23:25:31,-08:00,2025-02-07T23:25:31-08:00,0,0
projects/projects.js,38,js,f2793246,LiAndrw,2025-02-07,23:25:31,-08:00,2025-02-07T23:25:31-08:00,0,39
projects/projects.js,39,js,f2793246,LiAndrw,2025-02-07,23:25:31,-08:00,2025-02-07T23:25:31-08:00,0,10
projects/projects.js,40,js,f2793246,LiAndrw,2025-02-07,23:25:31,-08:00,2025-02-07T23:25:31-08:00,0,62
projects/projects.js,41,js,f2793246,LiAndrw,2025-02-07,23:25:31,-08:00,2025-02-07T23:25:31-08:00,0,247
projects/projects.js,42,js,f2793246,LiAndrw,2025-02-07,23:25:31,-08:00,2025-02-07T23:25:31-08:00,0,1
projects/projects.js,43,js,f2793246,LiAndrw,2025-02-07,23:25:31,-08:00,2025-02-07T23:25:31-08:00,0,0
projects/projects.js,44,js,f2793246,LiAndrw,2025-02-07,23:25:31,-08:00,2025-02-07T23:25:31-08:00,0,52
projects/projects.js,45,js,f2793246,LiAndrw,2025-02-07,23:25:31,-08:00,2025-02-07T23:25:31-08:00,0,10
projects/projects.js,46,js,f2793246,LiAndrw,2025-02-07,23:25:31,-08:00,2025-02-07T23:25:31-08:00,0,62
projects/projects.js,47,js,f2793246,LiAndrw,2025-02-07,23:25:31,-08:00,2025-02-07T23:25:31-08:00,0,251
projects/projects.js,48,js,f2793246,LiAndrw,2025-02-07,23:25:31,-08:00,2025-02-07T23:25:31-08:00,0,1
projects/projects.js,49,js,f2793246,LiAndrw,2025-02-07,23:25:31,-08:00,2025-02-07T23:25:31-08:00,0,0
projects/projects.js,50,js,f2793246,LiAndrw,2025-02-07,23:25:31,-08:00,2025-02-07T23:25:31-08:00,0,47
projects/projects.js,51,js,f2793246,LiAndrw,2025-02-07,23:25:31,-08:00,2025-02-07T23:25:31-08:00,0,10
projects/projects.js,52,js,f2793246,LiAndrw,2025-02-07,23:25:31,-08:00,2025-02-07T23:25:31-08:00,0,62
projects/projects.js,53,js,f2793246,LiAndrw,2025-02-07,23:25:31,-08:00,2025-02-07T23:25:31-08:00,0,257
projects/projects.js,54,js,f2793246,LiAndrw,2025-02-07,23:25:31,-08:00,2025-02-07T23:25:31-08:00,0,1
projects/projects.js,55,js,f2793246,LiAndrw,2025-02-07,23:25:31,-08:00,2025-02-07T23:25:31-08:00,0,0
projects/projects.js,56,js,f2793246,LiAndrw,2025-02-07,23:25:31,-08:00,2025-02-07T23:25:31-08:00,0,40
projects/projects.js,57,js,f2793246,LiAndrw,2025-02-07,23:25:31,-08:00,2025-02-07T23:25:31-08:00,0,10
projects/projects.js,58,js,f2793246,LiAndrw,2025-02-07,23:25:31,-08:00,2025-02-07T23:25:31-08:00,0,62
projects/projects.js,59,js,f2793246,LiAndrw,2025-02-07,23:25:31,-08:00,2025-02-07T23:25:31-08:00,0,247
projects/projects.js,60,js,f2793246,LiAndrw,2025-02-07,23:25:31,-08:00,2025-02-07T23:25:31-08:00,0,1
projects/projects.js,61,js,f2793246,LiAndrw,2025-02-07,23:25:31,-08:00,2025-02-07T23:25:31-08:00,0,0
projects/projects.js,62,js,f2793246,LiAndrw,2025-02-07,23:25:31,-08:00,2025-02-07T23:25:31-08:00,0,45
projects/projects.js,63,js,f2793246,LiAndrw,2025-02-07,23:25:31,-08:00,2025-02-07T23:25:31-08:00,0,10
projects/projects.js,64,js,f2793246,LiAndrw,2025-02-07,23:25:31,-08:00,2025-02-07T23:25:31-08:00,0,62
projects/projects.js,65,js,f2793246,LiAndrw,2025-02-07,23:25:31,-08:00,2025-02-07T23:25:31-08:00,0,239
projects/projects.js,66,js,f2793246,LiAndrw,2025-02-07,23:25:31,-08:00,2025-02-07T23:25:31-08:00,0,1
projects/projects.js,67,js,f2793246,LiAndrw,2025-02-07,23:25:31,-08:00,2025-02-07T23:25:31-08:00,0,0
projects/projects.js,68,js,f2793246,LiAndrw,2025-02-07,23:25:31,-08:00,2025-02-07T23:25:31-08:00,0,48
projects/projects.js,69,js,f2793246,LiAndrw,2025-02-07,23:25:31,-08:00,2025-02-07T23:25:31-08:00,0,10
projects/projects.js,70,js,f2793246,LiAndrw,2025-02-07,23:25:31,-08:00,2025-02-07T23:25:31-08:00,0,62
projects/projects.js,71,js,f2793246,LiAndrw,2025-02-07,23:25:31,-08:00,2025-02-07T23:25:31-08:00,0,242
projects/projects.js,72,js,f2793246,LiAndrw,2025-02-07,23:25:31,-08:00,2025-02-07T23:25:31-08:00,0,1
projects/projects.js,73,js,f2793246,LiAndrw,2025-02-07,23:25:31,-08:00,2025-02-07T23:25:31-08:00,0,0
projects/projects.js,74,js,f2793246,LiAndrw,2025-02-07,23:25:31,-08:00,2025-02-07T23:25:31-08:00,0,80
projects/projects.js,75,js,f2793246,LiAndrw,2025-02-07,23:25:31,-08:00,2025-02-07T23:25:31-08:00,0,10
projects/projects.js,76,js,f2793246,LiAndrw,2025-02-07,23:25:31,-08:00,2025-02-07T23:25:31-08:00,0,62
projects/projects.js,77,js,f2793246,LiAndrw,2025-02-07,23:25:31,-08:00,2025-02-07T23:25:31-08:00,0,246
projects/projects.js,78,js,f2793246,LiAndrw,2025-02-07,23:25:31,-08:00,2025-02-07T23:25:31-08:00,0,1
projects/projects.js,79,js,f2793246,LiAndrw,2025-02-07,23:25:31,-08:00,2025-02-07T23:25:31-08:00,0,0
projects/projects.js,80,js,f2793246,LiAndrw,2025-02-07,23:25:31,-08:00,2025-02-07T23:25:31-08:00,0,44
projects/projects.js,81,js,f2793246,LiAndrw,2025-02-07,23:25:31,-08:00,2025-02-07T23:25:31-08:00,0,10
projects/projects.js,82,js,f2793246,LiAndrw,2025-02-07,23:25:31,-08:00,2025-02-07T23:25:31-08:00,0,62
projects/projects.js,83,js,f2793246,LiAndrw,2025-02-07,23:25:31,-08:00,2025-02-07T23:25:31-08:00,0,226
projects/projects.js,84,js,f2793246,LiAndrw,2025-02-07,23:25:31,-08:00,2025-02-07T23:25:31-08:00,0,1
projects/projects.js,85,js,f2793246,LiAndrw,2025-02-07,23:25:31,-08:00,2025-02-07T23:25:31-08:00,0,0
projects/projects.js,86,js,f2793246,LiAndrw,2025-02-07,23:25:31,-08:00,2025-02-07T23:25:31-08:00,0,43
projects/projects.js,87,js,f2793246,LiAndrw,2025-02-07,23:25:31,-08:00,2025-02-07T23:25:31-08:00,0,10
projects/projects.js,88,js,f2793246,LiAndrw,2025-02-07,23:25:31,-08:00,2025-02-07T23:25:31-08:00,0,62
projects/projects.js,89,js,f2793246,LiAndrw,2025-02-07,23:25:31,-08:00,2025-02-07T23:25:31-08:00,0,226
projects/projects.js,90,js,f2793246,LiAndrw,2025-02-07,23:25:31,-08:00,2025-02-07T23:25:31-08:00,0,0
projects/projects.js,91,js,f2793246,LiAndrw,2025-02-07,23:25:31,-08:00,2025-02-07T23:25:31-08:00,0,1
projects/projects.js,92,js,f2793246,LiAndrw,2025-02-07,23:25:31,-08:00,2025-02-07T23:25:31-08:00,0,0
projects/projects.js,93,js,f2793246,LiAndrw,2025-02-07,23:25:31,-08:00,2025-02-07T23:25:31-08:00,0,22
projects/projects.js,94,js,f2793246,LiAndrw,2025-02-07,23:25:31,-08:00,2025-02-07T23:25:31-08:00,0,0
projects/projects.js,95,js,f2793246,LiAndrw,2025-02-07,23:25:31,-08:00,2025-02-07T23:25:31-08:00,0,39
projects/projects.js,96,js,f2793246,LiAndrw,2025-02-07,23:25:31,-08:00,2025-02-07T23:25:31-08:00,0,27
projects/projects.js,97,js,f2793246,LiAndrw,2025-02-07,23:25:31,-08:00,2025-02-07T23:25:31-08:00,0,13
projects/projects.js,98,js,f2793246,LiAndrw,2025-02-07,23:25:31,-08:00,2025-02-07T23:25:31-08:00,0,15
projects/projects.js,99,js,f2793246,LiAndrw,2025-02-07,23:25:31,-08:00,2025-02-07T23:25:31-08:00,0,13
projects/projects.js,100,js,f2793246,LiAndrw,2025-02-07,23:25:31,-08:00,2025-02-07T23:25:31-08:00,0,1
projects/projects.js,101,js,f2793246,LiAndrw,2025-02-07,23:25:31,-08:00,2025-02-07T23:25:31-08:00,0,0
projects/projects.js,102,js,f2793246,LiAndrw,2025-02-07,23:25:31,-08:00,2025-02-07T23:25:31-08:00,0,45
projects/projects.js,103,js,f2793246,LiAndrw,2025-02-07,23:25:31,-08:00,2025-02-07T23:25:31-08:00,0,36
projects/projects.js,104,js,f2793246,LiAndrw,2025-02-07,23:25:31,-08:00,2025-02-07T23:25:31-08:00,0,2
projects/projects.js,105,js,f2793246,LiAndrw,2025-02-07,23:25:31,-08:00,2025-02-07T23:25:31-08:00,0,0
projects/projects.js,106,js,f2793246,LiAndrw,2025-02-07,23:25:31,-08:00,2025-02-07T23:25:31-08:00,0,29
projects/projects.js,107,js,f2793246,LiAndrw,2025-02-07,23:25:31,-08:00,2025-02-07T23:25:31-08:00,0,0
projects/projects.js,108,js,f2793246,LiAndrw,2025-02-07,23:25:31,-08:00,2025-02-07T23:25:31-08:00,0,33
projects/projects.js,109,js,f2793246,LiAndrw,2025-02-07,23:25:31,-08:00,2025-02-07T23:25:31-08:00,0,0
projects/projects.js,110,js,f2793246,LiAndrw,2025-02-07,23:25:31,-08:00,2025-02-07T23:25:31-08:00,0,33
projects/projects.js,111,js,f2793246,LiAndrw,2025-02-07,23:25:31,-08:00,2025-02-07T23:25:31-08:00,0,31
projects/projects.js,112,js,f2793246,LiAndrw,2025-02-07,23:25:31,-08:00,2025-02-07T23:25:31-08:00,0,0
projects/projects.js,113,js,f2793246,LiAndrw,2025-02-07,23:25:31,-08:00,2025-02-07T23:25:31-08:00,0,48
projects/projects.js,114,js,f2793246,LiAndrw,2025-02-07,23:25:31,-08:00,2025-02-07T23:25:31-08:00,0,0
projects/projects.js,115,js,f2793246,LiAndrw,2025-02-07,23:25:31,-08:00,2025-02-07T23:25:31-08:00,0,51
projects/projects.js,116,js,f2793246,LiAndrw,2025-02-07,23:25:31,-08:00,2025-02-07T23:25:31-08:00,0,58
projects/projects.js,117,js,f2793246,LiAndrw,2025-02-07,23:25:31,-08:00,2025-02-07T23:25:31-08:00,0,0
projects/projects.js,118,js,f2793246,LiAndrw,2025-02-07,23:25:31,-08:00,2025-02-07T23:25:31-08:00,0,34
projects/projects.js,119,js,f2793246,LiAndrw,2025-02-07,23:25:31,-08:00,2025-02-07T23:25:31-08:00,0,46
projects/projects.js,120,js,f2793246,LiAndrw,2025-02-07,23:25:31,-08:00,2025-02-07T23:25:31-08:00,0,0
projects/projects.js,121,js,f2793246,LiAndrw,2025-02-07,23:25:31,-08:00,2025-02-07T23:25:31-08:00,0,27
projects/projects.js,122,js,f2793246,LiAndrw,2025-02-07,23:25:31,-08:00,2025-02-07T23:25:31-08:00,0,20
projects/projects.js,123,js,f2793246,LiAndrw,2025-02-07,23:25:31,-08:00,2025-02-07T23:25:31-08:00,0,14
projects/projects.js,124,js,f2793246,LiAndrw,2025-02-07,23:25:31,-08:00,2025-02-07T23:25:31-08:00,0,25
projects/projects.js,125,js,f2793246,LiAndrw,2025-02-07,23:25:31,-08:00,2025-02-07T23:25:31-08:00,0,19
projects/projects.js,126,js,f2793246,LiAndrw,2025-02-07,23:25:31,-08:00,2025-02-07T23:25:31-08:00,0,48
projects/projects.js,127,js,f2793246,LiAndrw,2025-02-07,23:25:31,-08:00,2025-02-07T23:25:31-08:00,0,0
projects/projects.js,128,js,f2793246,LiAndrw,2025-02-07,23:25:31,-08:00,2025-02-07T23:25:31-08:00,0,23
projects/projects.js,129,js,f2793246,LiAndrw,2025-02-07,23:25:31,-08:00,2025-02-07T23:25:31-08:00,0,67
projects/projects.js,130,js,f2793246,LiAndrw,2025-02-07,23:25:31,-08:00,2025-02-07T23:25:31-08:00,0,0
projects/projects.js,131,js,f2793246,LiAndrw,2025-02-07,23:25:31,-08:00,2025-02-07T23:25:31-08:00,0,21
projects/projects.js,132,js,f2793246,LiAndrw,2025-02-07,23:25:31,-08:00,2025-02-07T23:25:31-08:00,0,67
projects/projects.js,133,js,f2793246,LiAndrw,2025-02-07,23:25:31,-08:00,2025-02-07T23:25:31-08:00,0,0
projects/projects.js,134,js,f2793246,LiAndrw,2025-02-07,23:25:31,-08:00,2025-02-07T23:25:31-08:00,0,26
projects/projects.js,135,js,f2793246,LiAndrw,2025-02-07,23:25:31,-08:00,2025-02-07T23:25:31-08:00,0,49
projects/projects.js,136,js,f2793246,LiAndrw,2025-02-07,23:25:31,-08:00,2025-02-07T23:25:31-08:00,0,7
projects/projects.js,137,js,f2793246,LiAndrw,2025-02-07,23:25:31,-08:00,2025-02-07T23:25:31-08:00,0,46
projects/projects.js,138,js,f2793246,LiAndrw,2025-02-07,23:25:31,-08:00,2025-02-07T23:25:31-08:00,0,92
projects/projects.js,139,js,f2793246,LiAndrw,2025-02-07,23:25:31,-08:00,2025-02-07T23:25:31-08:00,0,57
projects/projects.js,140,js,f2793246,LiAndrw,2025-02-07,23:25:31,-08:00,2025-02-07T23:25:31-08:00,0,0
projects/projects.js,141,js,f2793246,LiAndrw,2025-02-07,23:25:31,-08:00,2025-02-07T23:25:31-08:00,0,2
projects/projects.js,142,js,f2793246,LiAndrw,2025-02-07,23:25:31,-08:00,2025-02-07T23:25:31-08:00,0,2
projects/projects.js,143,js,f2793246,LiAndrw,2025-02-07,23:25:31,-08:00,2025-02-07T23:25:31-08:00,0,0
projects/projects.js,144,js,f2793246,LiAndrw,2025-02-07,23:25:31,-08:00,2025-02-07T23:25:31-08:00,0,25
projects/projects.js,145,js,f2793246,LiAndrw,2025-02-07,23:25:31,-08:00,2025-02-07T23:25:31-08:00,0,18
projects/projects.js,146,js,f2793246,LiAndrw,2025-02-07,23:25:31,-08:00,2025-02-07T23:25:31-08:00,0,39
projects/projects.js,147,js,f2793246,LiAndrw,2025-02-07,23:25:31,-08:00,2025-02-07T23:25:31-08:00,0,28
projects/projects.js,148,js,f2793246,LiAndrw,2025-02-07,23:25:31,-08:00,2025-02-07T23:25:31-08:00,0,69
projects/projects.js,149,js,f2793246,LiAndrw,2025-02-07,23:25:31,-08:00,2025-02-07T23:25:31-08:00,0,19
projects/projects.js,150,js,f2793246,LiAndrw,2025-02-07,23:25:31,-08:00,2025-02-07T23:25:31-08:00,0,48
projects/projects.js,151,js,f2793246,LiAndrw,2025-02-07,23:25:31,-08:00,2025-02-07T23:25:31-08:00,0,0
projects/projects.js,152,js,f2793246,LiAndrw,2025-02-07,23:25:31,-08:00,2025-02-07T23:25:31-08:00,0,23
projects/projects.js,153,js,f2793246,LiAndrw,2025-02-07,23:25:31,-08:00,2025-02-07T23:25:31-08:00,0,67
projects/projects.js,154,js,f2793246,LiAndrw,2025-02-07,23:25:31,-08:00,2025-02-07T23:25:31-08:00,0,0
projects/projects.js,155,js,f2793246,LiAndrw,2025-02-07,23:25:31,-08:00,2025-02-07T23:25:31-08:00,0,21
projects/projects.js,156,js,f2793246,LiAndrw,2025-02-07,23:25:31,-08:00,2025-02-07T23:25:31-08:00,0,67
projects/projects.js,157,js,f2793246,LiAndrw,2025-02-07,23:25:31,-08:00,2025-02-07T23:25:31-08:00,0,0
projects/projects.js,158,js,f2793246,LiAndrw,2025-02-07,23:25:31,-08:00,2025-02-07T23:25:31-08:00,0,26
projects/projects.js,159,js,f2793246,LiAndrw,2025-02-07,23:25:31,-08:00,2025-02-07T23:25:31-08:00,0,49
projects/projects.js,160,js,f2793246,LiAndrw,2025-02-07,23:25:31,-08:00,2025-02-07T23:25:31-08:00,0,7
projects/projects.js,161,js,f2793246,LiAndrw,2025-02-07,23:25:31,-08:00,2025-02-07T23:25:31-08:00,0,46
projects/projects.js,162,js,f2793246,LiAndrw,2025-02-07,23:25:31,-08:00,2025-02-07T23:25:31-08:00,0,92
projects/projects.js,163,js,f2793246,LiAndrw,2025-02-07,23:25:31,-08:00,2025-02-07T23:25:31-08:00,0,57
projects/projects.js,164,js,f2793246,LiAndrw,2025-02-07,23:25:31,-08:00,2025-02-07T23:25:31-08:00,0,0
projects/projects.js,165,js,f2793246,LiAndrw,2025-02-07,23:25:31,-08:00,2025-02-07T23:25:31-08:00,0,2
projects/projects.js,166,js,f2793246,LiAndrw,2025-02-07,23:25:31,-08:00,2025-02-07T23:25:31-08:00,0,2
projects/projects.js,167,js,8a827dd1,LiAndrw,2025-01-31,16:29:56,-08:00,2025-01-31T16:29:56-08:00,0,0
projects/projects.js,168,js,8a827dd1,LiAndrw,2025-01-31,16:29:56,-08:00,2025-01-31T16:29:56-08:00,0,0
projects/projects.js,169,js,f2793246,LiAndrw,2025-02-07,23:25:31,-08:00,2025-02-07T23:25:31-08:00,0,14
projects/projects.js,170,js,f2793246,LiAndrw,2025-02-07,23:25:31,-08:00,2025-02-07T23:25:31-08:00,0,0
projects/projects.js,171,js,f2793246,LiAndrw,2025-02-07,23:25:31,-08:00,2025-02-07T23:25:31-08:00,0,54
projects/projects.js,172,js,f2793246,LiAndrw,2025-02-07,23:25:31,-08:00,2025-02-07T23:25:31-08:00,0,0
projects/projects.js,173,js,f2793246,LiAndrw,2025-02-07,23:25:31,-08:00,2025-02-07T23:25:31-08:00,0,49
projects/projects.js,174,js,f2793246,LiAndrw,2025-02-07,23:25:31,-08:00,2025-02-07T23:25:31-08:00,0,26
projects/projects.js,175,js,f2793246,LiAndrw,2025-02-07,23:25:31,-08:00,2025-02-07T23:25:31-08:00,0,0
projects/projects.js,176,js,f2793246,LiAndrw,2025-02-07,23:25:31,-08:00,2025-02-07T23:25:31-08:00,0,52
projects/projects.js,177,js,f2793246,LiAndrw,2025-02-07,23:25:31,-08:00,2025-02-07T23:25:31-08:00,0,60
projects/projects.js,178,js,f2793246,LiAndrw,2025-02-07,23:25:31,-08:00,2025-02-07T23:25:31-08:00,0,43
projects/projects.js,179,js,f2793246,LiAndrw,2025-02-07,23:25:31,-08:00,2025-02-07T23:25:31-08:00,0,2
projects/projects.js,180,js,f2793246,LiAndrw,2025-02-07,23:25:31,-08:00,2025-02-07T23:25:31-08:00,0,57
projects/projects.js,181,js,f2793246,LiAndrw,2025-02-07,23:25:31,-08:00,2025-02-07T23:25:31-08:00,0,0
projects/projects.js,182,js,f2793246,LiAndrw,2025-02-07,23:25:31,-08:00,2025-02-07T23:25:31-08:00,0,32
projects/projects.js,183,js,f2793246,LiAndrw,2025-02-07,23:25:31,-08:00,2025-02-07T23:25:31-08:00,0,2
projects/projects.js,184,js,f2793246,LiAndrw,2025-02-07,23:25:31,-08:00,2025-02-07T23:25:31-08:00,0,0
projects/projects.js,185,js,f2793246,LiAndrw,2025-02-07,23:25:31,-08:00,2025-02-07T23:25:31-08:00,0,0
projects/projects.js,186,js,f2793246,LiAndrw,2025-02-07,23:25:31,-08:00,2025-02-07T23:25:31-08:00,0,14
projects/index.html,1,html,ecd1dbf7,LiAndrw,2025-01-10,21:24:10,-08:00,2025-01-10T21:24:10-08:00,0,14
projects/index.html,2,html,ecd1dbf7,LiAndrw,2025-01-10,21:24:10,-08:00,2025-01-10T21:24:10-08:00,0,15
projects/index.html,3,html,ecd1dbf7,LiAndrw,2025-01-10,21:24:10,-08:00,2025-01-10T21:24:10-08:00,0,5
projects/index.html,4,html,ecd1dbf7,LiAndrw,2025-01-10,21:24:10,-08:00,2025-01-10T21:24:10-08:00,0,21
projects/index.html,5,html,ecd1dbf7,LiAndrw,2025-01-10,21:24:10,-08:00,2025-01-10T21:24:10-08:00,0,69
projects/index.html,6,html,ecd1dbf7,LiAndrw,2025-01-10,21:24:10,-08:00,2025-01-10T21:24:10-08:00,0,27
projects/index.html,7,html,ecd1dbf7,LiAndrw,2025-01-10,21:24:10,-08:00,2025-01-10T21:24:10-08:00,0,42
projects/index.html,8,html,ecd1dbf7,LiAndrw,2025-01-10,21:24:10,-08:00,2025-01-10T21:24:10-08:00,0,6
projects/index.html,9,html,f2793246,LiAndrw,2025-02-07,23:25:31,-08:00,2025-02-07T23:25:31-08:00,0,22
projects/index.html,10,html,f2793246,LiAndrw,2025-02-07,23:25:31,-08:00,2025-02-07T23:25:31-08:00,0,53
projects/index.html,11,html,f2793246,LiAndrw,2025-02-07,23:25:31,-08:00,2025-02-07T23:25:31-08:00,0,69
projects/index.html,12,html,f2793246,LiAndrw,2025-02-07,23:25:31,-08:00,2025-02-07T23:25:31-08:00,0,5
projects/index.html,13,html,f2793246,LiAndrw,2025-02-07,23:25:31,-08:00,2025-02-07T23:25:31-08:00,0,23
projects/index.html,14,html,f2793246,LiAndrw,2025-02-07,23:25:31,-08:00,2025-02-07T23:25:31-08:00,0,5
projects/index.html,15,html,f2793246,LiAndrw,2025-02-07,23:25:31,-08:00,2025-02-07T23:25:31-08:00,0,0
projects/index.html,16,html,f2793246,LiAndrw,2025-02-07,23:25:31,-08:00,2025-02-07T23:25:31-08:00,0,5
projects/index.html,17,html,f2793246,LiAndrw,2025-02-07,23:25:31,-08:00,2025-02-07T23:25:31-08:00,0,16
projects/index.html,18,html,f2793246,LiAndrw,2025-02-07,23:25:31,-08:00,2025-02-07T23:25:31-08:00,0,12
projects/index.html,19,html,f2793246,LiAndrw,2025-02-07,23:25:31,-08:00,2025-02-07T23:25:31-08:00,0,27
projects/index.html,20,html,f2793246,LiAndrw,2025-02-07,23:25:31,-08:00,2025-02-07T23:25:31-08:00,0,32
projects/index.html,21,html,f2793246,LiAndrw,2025-02-07,23:25:31,-08:00,2025-02-07T23:25:31-08:00,0,1
projects/index.html,22,html,f2793246,LiAndrw,2025-02-07,23:25:31,-08:00,2025-02-07T23:25:31-08:00,0,0
projects/index.html,23,html,ecd1dbf7,LiAndrw,2025-01-10,21:24:10,-08:00,2025-01-10T21:24:10-08:00,0,5
projects/index.html,24,html,8a827dd1,LiAndrw,2025-01-31,16:29:56,-08:00,2025-01-31T16:29:56-08:00,0,39
projects/index.html,25,html,8a827dd1,LiAndrw,2025-01-31,16:29:56,-08:00,2025-01-31T16:29:56-08:00,0,27
projects/index.html,26,html,8a827dd1,LiAndrw,2025-01-31,16:29:56,-08:00,2025-01-31T16:29:56-08:00,0,0
projects/index.html,27,html,bd2371ef,LiAndrw,2025-01-24,22:06:35,-08:00,2025-01-24T22:06:35-08:00,0,49
projects/index.html,28,html,8a827dd1,LiAndrw,2025-01-31,16:29:56,-08:00,2025-01-31T16:29:56-08:00,0,48
projects/index.html,29,html,ecd1dbf7,LiAndrw,2025-01-10,21:24:10,-08:00,2025-01-10T21:24:10-08:00,0,6
projects/index.html,30,html,ecd1dbf7,LiAndrw,2025-01-10,21:24:10,-08:00,2025-01-10T21:24:10-08:00,0,6
meta/index.html,1,html,3fd5f7f4,LiAndrw,2025-02-14,20:19:55,-08:00,2025-02-14T20:19:55-08:00,0,14
meta/index.html,2,html,3fd5f7f4,LiAndrw,2025-02-14,20:19:55,-08:00,2025-02-14T20:19:55-08:00,0,15
meta/index.html,3,html,3fd5f7f4,LiAndrw,2025-02-14,20:19:55,-08:00,2025-02-14T20:19:55-08:00,0,5
meta/index.html,4,html,3fd5f7f4,LiAndrw,2025-02-14,20:19:55,-08:00,2025-02-14T20:19:55-08:00,0,21
meta/index.html,5,html,3fd5f7f4,LiAndrw,2025-02-14,20:19:55,-08:00,2025-02-14T20:19:55-08:00,0,69
meta/index.html,6,html,3fd5f7f4,LiAndrw,2025-02-14,20:19:55,-08:00,2025-02-14T20:19:55-08:00,0,23
meta/index.html,7,html,3fd5f7f4,LiAndrw,2025-02-14,20:19:55,-08:00,2025-02-14T20:19:55-08:00,0,42
meta/index.html,8,html,3fd5f7f4,LiAndrw,2025-02-14,20:19:55,-08:00,2025-02-14T20:19:55-08:00,0,6
meta/index.html,9,html,3fd5f7f4,LiAndrw,2025-02-14,20:19:55,-08:00,2025-02-14T20:19:55-08:00,0,5
meta/index.html,10,html,3fd5f7f4,LiAndrw,2025-02-14,20:19:55,-08:00,2025-02-14T20:19:55-08:00,0,12
meta/index.html,11,html,3fd5f7f4,LiAndrw,2025-02-14,20:19:55,-08:00,2025-02-14T20:19:55-08:00,0,87
meta/index.html,12,html,3fd5f7f4,LiAndrw,2025-02-14,20:19:55,-08:00,2025-02-14T20:19:55-08:00,0,39
meta/index.html,13,html,3fd5f7f4,LiAndrw,2025-02-14,20:19:55,-08:00,2025-02-14T20:19:55-08:00,0,3
meta/index.html,14,html,3fd5f7f4,LiAndrw,2025-02-14,20:19:55,-08:00,2025-02-14T20:19:55-08:00,0,49
meta/index.html,15,html,3fd5f7f4,LiAndrw,2025-02-14,20:19:55,-08:00,2025-02-14T20:19:55-08:00,0,48
meta/index.html,16,html,3fd5f7f4,LiAndrw,2025-02-14,20:19:55,-08:00,2025-02-14T20:19:55-08:00,0,6
meta/index.html,17,html,3fd5f7f4,LiAndrw,2025-02-14,20:19:55,-08:00,2025-02-14T20:19:55-08:00,0,6
contact/index.html,1,html,ecd1dbf7,LiAndrw,2025-01-10,21:24:10,-08:00,2025-01-10T21:24:10-08:00,0,14
contact/index.html,2,html,ecd1dbf7,LiAndrw,2025-01-10,21:24:10,-08:00,2025-01-10T21:24:10-08:00,0,15
contact/index.html,3,html,ecd1dbf7,LiAndrw,2025-01-10,21:24:10,-08:00,2025-01-10T21:24:10-08:00,0,5
contact/index.html,4,html,ecd1dbf7,LiAndrw,2025-01-10,21:24:10,-08:00,2025-01-10T21:24:10-08:00,0,21
contact/index.html,5,html,ecd1dbf7,LiAndrw,2025-01-10,21:24:10,-08:00,2025-01-10T21:24:10-08:00,0,69
contact/index.html,6,html,c027d269,LiAndrw,2025-01-16,23:58:20,-08:00,2025-01-16T23:58:20-08:00,0,26
contact/index.html,7,html,ecd1dbf7,LiAndrw,2025-01-10,21:24:10,-08:00,2025-01-10T21:24:10-08:00,0,42
contact/index.html,8,html,ecd1dbf7,LiAndrw,2025-01-10,21:24:10,-08:00,2025-01-10T21:24:10-08:00,0,6
contact/index.html,9,html,ecd1dbf7,LiAndrw,2025-01-10,21:24:10,-08:00,2025-01-10T21:24:10-08:00,0,5
contact/index.html,10,html,ecd1dbf7,LiAndrw,2025-01-10,21:24:10,-08:00,2025-01-10T21:24:10-08:00,0,20
contact/index.html,11,html,bd2371ef,LiAndrw,2025-01-24,22:06:35,-08:00,2025-01-24T22:06:35-08:00,0,50
contact/index.html,12,html,c027d269,LiAndrw,2025-01-16,23:58:20,-08:00,2025-01-16T23:58:20-08:00,0,36
contact/index.html,13,html,c027d269,LiAndrw,2025-01-16,23:58:20,-08:00,2025-01-16T23:58:20-08:00,0,34
contact/index.html,14,html,c027d269,LiAndrw,2025-01-16,23:58:20,-08:00,2025-01-16T23:58:20-08:00,0,33
contact/index.html,15,html,c027d269,LiAndrw,2025-01-16,23:58:20,-08:00,2025-01-16T23:58:20-08:00,0,43
contact/index.html,16,html,c027d269,LiAndrw,2025-01-16,23:58:20,-08:00,2025-01-16T23:58:20-08:00,0,20
contact/index.html,17,html,ad9e1915,LiAndrw,2025-01-10,21:40:19,-08:00,2025-01-10T21:40:19-08:00,0,6
contact/index.html,18,html,bd2371ef,LiAndrw,2025-01-24,22:06:35,-08:00,2025-01-24T22:06:35-08:00,0,49
contact/index.html,19,html,ecd1dbf7,LiAndrw,2025-01-10,21:24:10,-08:00,2025-01-10T21:24:10-08:00,0,6
contact/index.html,20,html,ecd1dbf7,LiAndrw,2025-01-10,21:24:10,-08:00,2025-01-10T21:24:10-08:00,0,6
